"category","subcategory","ID","Description","GeneRatio","BgRatio","RichFactor","FoldEnrichment","zScore","pvalue","p.adjust","qvalue","geneID","Count"
"Cellular Processes","Cell growth and death","hsa04110","Cell cycle","77/875","145/6792",0.531034482758621,4.12204137931034,14.6126816768415,6.45474542039135e-32,2.08488277078641e-29,1.98398490816239e-29,"FBXO5/MAD2L1/ORC6/CCNE2/SKP2/CDC7/NDC80/TTK/CHEK1/MCM6/CDKN2A/CCNA2/PCNA/HDAC2/CCNB1/MCM4/MCM2/ORC4/RAD21/CDK1/BUB3/BUB1/CDT1/PTTG1/CDC6/SMC3/TRIP13/ESPL1/KNL1/MTBP/CCNB2/DBF4/ESCO2/BUB1B/CDKN2C/E2F1/ESCO1/E2F3/ATR/SMAD2/YWHAQ/PRKDC/TICRR/CCNE1/ANAPC11/CDC25C/ORC3/NIPBL/CDC23/CDK2/RBL1/ANAPC4/MDM2/SGO1/STAG2/CDCA5/PDS5A/CDC45/CDC20/MCM7/STAG1/ORC1/DBF4B/WEE1/PLK1/TFDP1/MCM3/SMC1A/TFDP2/DDX11/CHEK2/CDC25A/E2F5/E2F2/SFN/AURKB/CDKN2B",77
"Genetic Information Processing","Replication and repair","hsa03460","Fanconi anemia pathway","27/875","42/6792",0.642857142857143,4.99004081632653,9.97401929957944,9.37500216228027e-15,1.51406284920826e-12,1.44078980599255e-12,"RMI1/FANCL/USP1/BRCA1/FANCI/RPA3/BRIP1/UBE2T/RAD51C/RMI2/FANCA/ATR/FANCG/FANCD2/BLM/RAD51/FANCF/BRCA2/FANCM/FANCC/REV3L/POLK/POLI/FANCB/FAN1/REV1/HES1",27
"Genetic Information Processing","Replication and repair","hsa03030","DNA replication","21/875","33/6792",0.636363636363636,4.93963636363636,8.72352462298434,1.26089345785491e-11,1.32183955545365e-09,1.25786915493715e-09,"RFC4/RFC3/DNA2/RFC5/RPA3/MCM6/POLE2/PCNA/MCM4/MCM2/PRIM1/PRIM2/FEN1/RNASEH2A/POLD3/POLA1/POLA2/RNASEH2B/MCM7/MCM3/LIG1",21
"Genetic Information Processing","Translation","hsa03013","Nucleocytoplasmic transport","37/875","90/6792",0.411111111111111,3.1911619047619,8.04662234308233,1.63695300984972e-11,1.32183955545365e-09,1.25786915493715e-09,"UPF3B/NDC1/NUP133/CSE1L/KPNA2/THOC1/RBM8A/NUP107/NUP35/NUP54/XPOT/XPO1/NUP43/NUP160/RAE1/NUP37/NCBP2/NUP155/NUP58/TNPO1/NUP85/PHAX/PNN/MAGOHB/SUMO1/NXT1/THOC2/AHCTF1/NXT2/NMD3/UPF3A/RANBP2/RANBP17/KPNA5/DDX19B/UBE2I/IPO9",37
"Genetic Information Processing","Transcription","hsa03040","Spliceosome","32/875","92/6792",0.347826086956522,2.69992546583851,6.31257424874008,5.00778940481901e-08,3.23503195551308e-06,3.07847264464663e-06,"SNRPD1/SNRPE/SNRPG/SRSF10/LSM5/TRA2B/SF3B6/THOC1/RBM8A/LSM8/SRSF1/SNRPF/U2SURP/DDX46/SNRPA1/TXNL4A/LSM7/NCBP2/PPIH/PRPF40A/DHX15/HNRNPA3/LSM4/MAGOHB/THOC2/PRPF38A/SRSF7/SRSF6/SF3B1/PRPF38B/SRSF3/HNRNPC",32
"Cellular Processes","Cell growth and death","hsa04115","p53 signaling pathway","25/875","72/6792",0.347222222222222,2.69523809523809,5.56073785550011,1.51977676573397e-06,8.18146492220121e-05,7.7855230806021e-05,"CCNE2/CHEK1/CDKN2A/CCNB1/CDK1/PMAIP1/RRM2/CCNB2/GTSE1/ATR/CCNE1/GORAB/CDK2/MDM2/PIDD1/PPM1D/CASP3/APAF1/CHEK2/CCNG2/PERP/SIVA1/BCL2/SFN/RPRM",25
"Genetic Information Processing","Replication and repair","hsa03440","Homologous recombination","14/875","29/6792",0.482758620689655,3.74731034482759,5.70107998101052,3.72554480931084e-06,0.000171907281915343,0.000163587832228386,"BRCA1/RPA3/BRIP1/TOPBP1/RAD54B/RAD54L/RBBP8/BARD1/RAD51C/POLD3/BLM/RAD51/BRCC3/BRCA2",14
"Genetic Information Processing","Replication and repair","hsa03410","Base excision repair","15/875","34/6792",0.441176470588235,3.42453781512605,5.44978581330715,6.796404773959e-06,0.000274404842748595,0.000261125025525793,"RFC4/RFC3/TDG/RFC5/POLE2/PCNA/FEN1/MBD4/POLD3/NEIL3/POLB/UNG/LIG1/PARP2/TDP1",15
"Genetic Information Processing","Replication and repair","hsa03430","Mismatch repair","10/875","19/6792",0.526315789473684,4.08541353383459,5.17868803642709,3.68552796578634e-05,0.00124951974332566,0.00118904925876192,"RFC4/RFC3/RFC5/RPA3/PCNA/MSH6/EXO1/MSH2/POLD3/LIG1",10
"Genetic Information Processing","Chromosome","hsa03083","Polycomb repressive complex","22/875","70/6792",0.314285714285714,2.43957551020408,4.65537127945295,3.86848217747883e-05,0.00124951974332566,0.00118904925876192,"CBX3/CBX2/EZH2/HDAC2/SUZ12/E2F6/EED/MTF2/PHF19/RBBP4/LCOR/BCOR/TFDP1/PCGF3/CBX8/DCAF7/PCGF2/USP45/L3MBTL4/AURKB/ASXL3/L3MBTL1",22
"Genetic Information Processing","Translation","hsa03008","Ribosome biogenesis in eukaryotes","18/875","55/6792",0.327272727272727,2.54038441558442,4.41059615260083,0.000107810959961125,0.00316572182431304,0.00301251677594723,"XPO1/DROSHA/RIOK1/UTP18/GNL2/LSG1/NOP58/NXT1/RPP40/NXT2/NMD3/XRN1/NVL/UTP15/FCF1/MDN1/RRP7A/HEATR1",18
"Genetic Information Processing","Folding, sorting and degradation","hsa03018","RNA degradation","19/875","61/6792",0.311475409836066,2.41776112412178,4.27708905420987,0.000147589713729615,0.0039726231278888,0.00378036810605681,"LSM5/LSM8/EXOSC2/BTG3/DIS3/EXOSC8/LSM7/EXOSC9/DHX36/CNOT2/PABPC1L/CNOT9/LSM4/EXOSC3/CNOT6/XRN1/CNOT7/MPHOSPH6/PABPC4L",19
"Human Diseases","Cancer: overview","hsa05206","MicroRNAs in cancer","35/875","159/6792",0.220125786163522,1.70867924528302,3.47706960504522,0.000859703363593545,0.0213603220339012,0.0203265896493373,"BRCA1/CCNE2/SOX4/CDKN2A/EZH2/HDAC2/KIF23/MIRLET7D/STMN1/E2F1/E2F3/DNMT3B/CCNE1/CDC25C/HOXD10/MDM2/DNMT1/CDCA5/DNMT3A/FZD3/CASP3/NRAS/EGFR/ROCK1/BCL2L11/CDC25A/MARCKS/E2F2/GLS/UBE2I/BCL2/VEGFA/ST14/GLS2/MET",35
"Genetic Information Processing","Replication and repair","hsa03420","Nucleotide excision repair","14/875","45/6792",0.311111111111111,2.41493333333333,3.66190427089411,0.0010946518343869,0.0245579233992545,0.0233694431565336,"RFC4/RFC3/RFC5/RPA3/POLE2/PCNA/POLR2H/POLR2K/POLR2B/POLD3/GTF2H3/POLR2G/MNAT1/LIG1",14
"Cellular Processes","Cell growth and death","hsa04114","Oocyte meiosis","26/875","109/6792",0.238532110091743,1.85155439056356,3.44635505590342,0.00114046083897467,0.0245579233992545,0.0233694431565336,"FBXO5/MAD2L1/CCNE2/CCNB1/AURKA/CDK1/BUB1/PTTG1/SMC3/ESPL1/CCNB2/FBXO43/YWHAQ/CCNE1/ANAPC11/CDC25C/CDC23/CDK2/ANAPC4/SGO1/CDC20/PLK1/SMC1A/ITPR3/MAPK13/RPS6KA6",26
"Cellular Processes","Cell growth and death","hsa04218","Cellular senescence","31/875","143/6792",0.216783216783217,1.68273326673327,3.17293389493633,0.00214719720954982,0.043346543667787,0.0412487884992465,"CCNE2/CHEK1/CDKN2A/CCNA2/CCNB1/CDK1/RAD1/FOXM1/CCNB2/MYBL2/E2F1/E2F3/ATR/SMAD2/CCNE1/RHEB/CDK2/RBL1/MDM2/VDAC3/NRAS/LIN9/RBBP4/CHEK2/CDC25A/E2F5/E2F2/ITPR3/CXCL8/MAPK13/CDKN2B",31
"Genetic Information Processing","Translation","hsa03015","mRNA surveillance pathway","19/875","75/6792",0.253333333333333,1.96644571428571,3.23623856705375,0.00245361408571874,0.046618667628656,0.044362558082345,"UPF3B/RBM8A/CPSF3/CSTF3/PAPOLA/CSTF1/NCBP2/PABPC1L/NUDT21/PNN/MAGOHB/NXT1/NXT2/RNMT/UPF3A/MSI2/DDX19B/CPSF6/PABPC4L",19
"Environmental Information Processing","Signal transduction","hsa04350","TGF-beta signaling pathway","23/875","99/6792",0.232323232323232,1.80335930735931,3.09625785586833,0.00309115435509543,0.0554690475942125,0.0527846240753138,"HDAC2/INHBC/SMAD2/INHBE/RBL1/TFRC/TGIF1/SMAD5/TFDP1/ROCK1/SMURF2/SKIL/NODAL/E2F5/BMP8B/ACVR2B/BMP8A/INHBA/SMAD9/BMP5/INHBB/CDKN2B/ID4",23
"Genetic Information Processing","Replication and repair","hsa03450","Non-homologous end-joining","5/875","11/6792",0.454545454545455,3.52831168831169,3.2270090985276,0.00829162812415492,0.140957678110634,0.134136033919847,"FEN1/DCLRE1C/PRKDC/XRCC5/XRCC4",5
"Cellular Processes","Cellular community - eukaryotes","hsa04550","Signaling pathways regulating pluripotency of stem cells","27/875","132/6792",0.204545454545455,1.58774025974026,2.62213712046959,0.00907737113616001,0.146599543848984,0.139504861671512,"INHBC/RIF1/SMAD2/INHBE/TCF3/SOX2/FZD3/NRAS/SMAD5/SKIL/DLX5/FZD6/NODAL/PCGF3/ACVR2B/ISL1/PCGF2/INHBA/HOXA1/MAPK13/FZD9/PAX6/SMAD9/INHBB/ZIC3/ID4/WNT11",27
"Human Diseases","Cancer: specific types","hsa05219","Bladder cancer","11/875","40/6792",0.275,2.13462857142857,2.76749982080038,0.0101925628181192,0.156771323345358,0.149184378089765,"CDKN2A/E2F1/E2F3/MDM2/NRAS/EGFR/E2F2/CDH1/MMP1/VEGFA/CXCL8",11
"Genetic Information Processing","Chromosome","hsa03082","ATP-dependent chromatin remodeling","17/875","76/6792",0.223684210526316,1.7363007518797,2.48214302989435,0.0148509522852635,0.218038981279096,0.207486988865883,"HDAC2/ACTL6A/YEATS4/PHF6/ACTR6/ARID2/RSF1/SS18L1/BPTF/RBBP4/RUVBL1/ING3/PHF10/MBD2/BAZ1A/EPC1/SMARCA1",17
"Human Diseases","Drug resistance: antineoplastic","hsa01523","Antifolate resistance","8/875","27/6792",0.296296296296296,2.29993650793651,2.60249695199549,0.017187116930615,0.241366902982114,0.22968595623522,"TYMS/GGH/DHFR/GART/DHFR2/SHMT2/ABCC5/MTHFR",8
"Genetic Information Processing","Folding, sorting and degradation","hsa04120","Ubiquitin mediated proteolysis","22/875","108/6792",0.203703703703704,1.58120634920635,2.34123018207099,0.018227302384072,0.245309111252302,0.233437381410045,"FANCL/BRCA1/SKP2/UBE2C/UBA2/UBA6/UBE2W/ANAPC11/CDC23/ANAPC4/MDM2/CDC20/UBE2S/UBR5/UBE2NL/MID1/SMURF2/TRIM37/UBE3B/PIAS2/PML/UBE2I",22
"Organismal Systems","Endocrine system","hsa04914","Progesterone-mediated oocyte maturation","18/875","84/6792",0.214285714285714,1.66334693877551,2.35236090183399,0.0190657957155044,0.246330080644317,0.234408941007465,"MAD2L1/CCNA2/CCNB1/AURKA/CDK1/BUB1/CCNB2/ANAPC11/CDC25C/CDC23/CDK2/MAPK8/ANAPC4/GNAI3/PLK1/CDC25A/MAPK13/RPS6KA6",18
"Cellular Processes","Cell motility","hsa04814","Motor proteins","32/875","173/6792",0.184971098265896,1.4357985136251,2.23271203206573,0.0206824736856902,0.256939961556844,0.244505356932046,"KIF14/KIF18A/KIF4A/CENPE/KIF15/KIF23/KIFC1/KIF18B/KIF11/KIF2C/DYNLT1/KIF20B/MYO19/DYNC2LI1/MYO3A/KIF20A/DNAH14/DNAH5/TUBB2B/KIF24/MYO6/TUBE1/MYO1B/TUBA1A/KIF1A/KIF26B/BICDL1/KIF5C/KIF19/MYO5B/KIF21A/KLC3",32
"Metabolism","Nucleotide metabolism","hsa00240","Pyrimidine metabolism","12/875","50/6792",0.24,1.86294857142857,2.35502569151565,0.0222541906713825,0.266226058772464,0.253342053646927,"RRM1/TYMS/DTYMK/DUT/RRM2/NME7/UMPS/DCK/TK1/CTPS1/AK9/CMPK2",12
"Human Diseases","Cancer: overview","hsa05203","Viral carcinogenesis","28/875","149/6792",0.187919463087248,1.45868456375839,2.17693388810214,0.0240684153304032,0.277646362561437,0.264209672048036,"CCNE2/SKP2/CHEK1/CDKN2A/CCNA2/HDAC2/CDK1/PMAIP1/GTF2H3/YWHAQ/SCRIB/CCNE1/CDK2/RBL1/MDM2/POLB/CDC20/ATF2/VDAC3/CASP3/CREB3L4/NRAS/RANBP1/SYK/RASA2/TRAF5/SCIN/CDKN2B",28
"Genetic Information Processing","Transcription","hsa03020","RNA polymerase","7/875","25/6792",0.28,2.17344,2.26023143885988,0.034086768315075,0.367000872192307,0.349239871859715,"POLR2H/POLR2K/POLR2B/POLR1C/POLR2G/POLR3B/POLR3G",7
"Cellular Processes","Cell growth and death","hsa04215","Apoptosis - multiple species","7/875","25/6792",0.28,2.17344,2.26023143885988,0.034086768315075,0.367000872192307,0.349239871859715,"BIRC5/PMAIP1/MAPK8/CASP3/APAF1/BCL2L11/BCL2",7
"Metabolism","Metabolism of cofactors and vitamins","hsa00670","One carbon pool by folate","8/875","32/6792",0.25,1.94057142857143,2.05075382608261,0.0456817488783496,0.475974351216352,0.452939581408424,"TYMS/DHFR/MTHFD2/GART/DHFR2/MTHFD2L/SHMT2/MTHFR",8
"Genetic Information Processing","Translation","hsa00970","Aminoacyl-tRNA biosynthesis","5/875","17/6792",0.294117647058824,2.28302521008403,2.03669082941929,0.0576451478973328,0.581855711588703,0.553696815329644,"NARS2/CARS2/AARS2/GATB/FARSB",5
"Metabolism","Metabolism of cofactors and vitamins","hsa00790","Folate biosynthesis","6/875","23/6792",0.260869565217391,2.02494409937888,1.89331095417946,0.0659612686607689,0.645620902346314,0.614376090875423,"GGH/DHFR/DHFR2/PTS/TPH1/GCH1",6
"Metabolism","Global and overview maps","hsa01240","Biosynthesis of cofactors","22/875","124/6792",0.17741935483871,1.3771797235023,1.62997705869717,0.0718432310175602,0.670980440687327,0.63850835483363,"GGH/DHFR/NME7/MTHFD2/GGCX/PANK2/UMPS/COQ4/PHOSPHO2/DHFR2/PTS/MTHFD2L/NMNAT3/GCH1/CTPS1/AK9/SHMT2/PSAT1/CMPK2/SDR16C5/HSD17B6/IDO1",22
"Genetic Information Processing","Information processing in viruses","hsa03250","Viral life cycle - HIV-1","10/875","47/6792",0.212765957446809,1.65155015197568,1.72355802746106,0.0727068588980076,0.670980440687327,0.63850835483363,"XPO1/VPS4B/CCNT2/BICD1/RANBP2/APOBEC3B/PSIP1/CPSF6/CXCR4/MLLT3",10
"Human Diseases","Cancer: specific types","hsa05222","Small cell lung cancer","16/875","86/6792",0.186046511627907,1.44414617940199,1.59390887489236,0.0807845534628153,0.72481696579137,0.689739462314095,"CCNE2/SKP2/CKS1B/E2F1/E2F3/CKS2/CCNE1/CDK2/CASP3/POLK/APAF1/PTK2/E2F2/BCL2/TRAF5/CDKN2B",16
"Human Diseases","Infectious disease: viral","hsa05166","Human T-cell leukemia virus 1 infection","33/875","205/6792",0.160975609756098,1.24953867595819,1.39505417229081,0.10105054057731,0.882143908282999,0.83945257037196,"MAD2L1/CCNE2/CHEK1/CDKN2A/CCNA2/BUB3/PTTG1/ESPL1/XPO1/CCNB2/BUB1B/CDKN2C/E2F1/E2F3/ATR/SMAD2/CCNE1/ANAPC11/TCF3/CDC23/CDK2/MAPK8/ANAPC4/POLB/CDC20/ATF2/VDAC3/CREB3L4/NRAS/RANBP1/CHEK2/E2F2/CDKN2B",33
"Metabolism","Global and overview maps","hsa01232","Nucleotide metabolism","13/875","71/6792",0.183098591549296,1.42126358148893,1.37210153274088,0.118744026801006,0.998316964541936,0.950003433750188,"RRM1/TYMS/DTYMK/DUT/RRM2/NME7/GMPS/DCK/TK1/CTPS1/AK9/ADK/CMPK2",13
NA,NA,"hsa03272","Virion - Hepatitis viruses","8/875","39/6792",0.205128205128205,1.59226373626374,1.42632724440021,0.120539819248098,0.998316964541936,0.950003433750188,"EPCAM/VPS4B/EGFR/CLDN3/OCLN/CLDN4/TGOLN2/CLDN18",8
NA,NA,"hsa04981","Folate transport and metabolism","6/875","27/6792",0.222222222222222,1.72495238095238,1.4513680862501,0.124864216578396,0.9999992015828,0.951604258960983,"TYMS/DHFR/DHFR2/SHMT2/ABCC5/MTHFR",6
"Metabolism","Lipid metabolism","hsa00565","Ether lipid metabolism","8/875","40/6792",0.2,1.55245714285714,1.34751149614716,0.134663723359647,0.9999992015828,0.951604258960983,"PLA2G3/PAFAH1B3/PLA2G12A/AGPS/LPCAT1/UGT8/GDPD1/PLA2G7",8
"Human Diseases","Drug resistance: antineoplastic","hsa01524","Platinum drug resistance","12/875","66/6792",0.181818181818182,1.41132467532468,1.29121453728565,0.135436975321779,0.9999992015828,0.951604258960983,"BRCA1/CDKN2A/TOP2A/MSH6/MSH2/BIRC5/PMAIP1/MDM2/CASP3/REV3L/APAF1/BCL2",12
"Metabolism","Amino acid metabolism","hsa00250","Alanine, aspartate and glutamate metabolism","7/875","35/6792",0.2,1.55245714285714,1.26001513812703,0.155802301611082,0.9999992015828,0.951604258960983,"PPAT/RIMKLA/GAD1/GLS/ASNS/GLS2/ASRGL1",7
"Metabolism","Glycan biosynthesis and metabolism","hsa00563","Glycosylphosphatidylinositol (GPI)-anchor biosynthesis","5/875","23/6792",0.217391304347826,1.68745341614907,1.26988689829218,0.165702906130144,0.9999992015828,0.951604258960983,"PIGX/PIGW/PGAP1/PIGF/PIGA",5
"Metabolism","Carbohydrate metabolism","hsa00650","Butanoate metabolism","5/875","24/6792",0.208333333333333,1.61714285714286,1.16461199743108,0.188577151701356,0.9999992015828,0.951604258960983,"ACAT2/HMGCS1/GAD1/BDH1/EHHADH",5
"Human Diseases","Infectious disease: viral","hsa05161","Hepatitis B","23/875","148/6792",0.155405405405405,1.20630115830116,0.975748335916417,0.194787709308349,0.9999992015828,0.951604258960983,"CCNE2/CCNA2/PCNA/BIRC5/E2F1/E2F3/YWHAQ/CCNE1/CDK2/MAPK8/ATF2/VDAC3/MAP3K7/CASP3/CREB3L4/NRAS/APAF1/STAT1/IFNAR1/E2F2/BCL2/CXCL8/MAPK13",23
"Human Diseases","Cancer: specific types","hsa05212","Pancreatic cancer","12/875","71/6792",0.169014084507042,1.31193561368209,1.01600839108118,0.197105659470539,0.9999992015828,0.951604258960983,"CDKN2A/E2F1/E2F3/SMAD2/MAPK8/RAD51/BRCA2/EGFR/POLK/STAT1/E2F2/VEGFA",12
"Human Diseases","Drug resistance: antineoplastic","hsa01522","Endocrine resistance","15/875","92/6792",0.16304347826087,1.2655900621118,0.986253233156463,0.199833178612583,0.9999992015828,0.951604258960983,"CDKN2A/CDKN2C/E2F1/E2F3/MAPK8/MDM2/NRAS/EGFR/DLL3/PTK2/BIK/E2F2/BCL2/MAPK13/DLL1",15
"Human Diseases","Endocrine and metabolic disease","hsa04950","Maturity onset diabetes of the young","5/875","25/6792",0.2,1.55245714285714,1.06412002565825,0.212497772335932,0.9999992015828,0.951604258960983,"MNX1/FOXA2/PAX6/HES1/NEUROD1",5
"Metabolism","Lipid metabolism","hsa00100","Steroid biosynthesis","4/875","19/6792",0.210526315789474,1.63416541353383,1.06440994186667,0.222366393612671,0.9999992015828,0.951604258960983,"HSD17B7/LBR/SQLE/CEL",4
"Genetic Information Processing","Folding, sorting and degradation","hsa03060","Protein export","4/875","19/6792",0.210526315789474,1.63416541353383,1.06440994186667,0.222366393612671,0.9999992015828,0.951604258960983,"IMMP1L/SEC61G/SEC11C/SEC61B",4
"Genetic Information Processing","Translation","hsa03010","Ribosome","13/875","80/6792",0.1625,1.26137142857143,0.904268157958001,0.224992599196653,0.9999992015828,0.951604258960983,"MRPL13/RPS21/MRPL47/MRPL50/MRPS17/MRPL3/RPL35A/MRPL42/RPL22L1/MRPL1/MRPL39/RPL7/RPL37A",13
"Human Diseases","Infectious disease: viral","hsa05169","Epstein-Barr virus infection","27/875","183/6792",0.147540983606557,1.14525526932084,0.765966316666114,0.251707052050349,0.9999992015828,0.951604258960983,"CCNE2/SKP2/CCNA2/HDAC2/PSMD14/E2F1/E2F3/PSMC6/CCNE1/CDK2/MAPK8/MDM2/MAP3K7/CASP3/SAP30/POLK/APAF1/STAT1/IFNAR1/CXCL10/BCL2L11/SYK/E2F2/BCL2/TRAF5/MAPK13/HES1",27
"Human Diseases","Cancer: specific types","hsa05210","Colorectal cancer","13/875","82/6792",0.158536585365854,1.230606271777,0.807861455744973,0.252816122611511,0.9999992015828,0.951604258960983,"MSH6/MSH2/BIRC5/PMAIP1/SMAD2/MAPK8/CASP3/NRAS/EGFR/POLK/BCL2L11/BCL2/DCC",13
"Human Diseases","Neurodegenerative disease","hsa05014","Amyotrophic lateral sclerosis","40/875","280/6792",0.142857142857143,1.10889795918367,0.715585723916008,0.262030615559487,0.9999992015828,0.951604258960983,"NDC1/NUP133/NUP107/NUP35/NUP54/PSMD14/NUP43/COX7A2/NUP160/RAE1/PSMC6/NUP37/RB1CC1/NUP155/DNAH14/NUP58/NUP85/DNAH5/HNRNPA3/TUBB2B/NXT1/CASP3/SRSF7/NXT2/ALS2/APAF1/RANBP2/TANK/NDUFB6/RAB39B/PFN2/HNRNPA2B1/SRSF3/TUBA1A/BCL2/KIF5C/ITPR3/NDUFA7/MAPK13/KLC3",40
"Metabolism","Glycan biosynthesis and metabolism","hsa00601","Glycosphingolipid biosynthesis - lacto and neolacto series","5/875","27/6792",0.185185185185185,1.43746031746032,0.875803653377403,0.262870232063972,0.9999992015828,0.951604258960983,"B3GNT5/GCNT2/B4GALT4/B3GNT2/B3GALNT1",5
"Environmental Information Processing","Signal transduction","hsa04068","FoxO signaling pathway","18/875","121/6792",0.148760330578512,1.15472018890201,0.660334987762894,0.292191409449353,0.9999992015828,0.951604258960983,"SKP2/PLK4/CCNB1/FOXO6/CCNB2/CDK2/MAPK8/MDM2/NRAS/PLK1/EGFR/BCL2L11/CCNG2/PRKAA1/BNIP3/MAPK13/FOXG1/CDKN2B",18
"Metabolism","Amino acid metabolism","hsa00310","Lysine degradation","9/875","58/6792",0.155172413793103,1.20449261083744,0.601416262834498,0.328385945845399,0.9999992015828,0.951604258960983,"EZH2/SUV39H2/SMYD3/ACAT2/SMYD2/PLOD2/EHHADH/NSD1/AADAT",9
"Human Diseases","Infectious disease: bacterial","hsa05120","Epithelial cell signaling in Helicobacter pylori infection","10/875","66/6792",0.151515151515152,1.1761038961039,0.55281855031553,0.342117200412019,0.9999992015828,0.951604258960983,"MAPK8/CASP3/F11R/EGFR/ATP6V0A2/ATP6V1B1/CXCL8/MAPK13/ATP6V1C2/MET",10
"Genetic Information Processing","Transcription","hsa03022","Basal transcription factors","5/875","30/6792",0.166666666666667,1.29371428571429,0.619966498011757,0.342454117770814,0.9999992015828,0.951604258960983,"TAF2/TAF11/GTF2H3/TAF9B/MNAT1",5
"Metabolism","Lipid metabolism","hsa00564","Glycerophospholipid metabolism","13/875","88/6792",0.147727272727273,1.1467012987013,0.532633403085724,0.342550473062598,0.9999992015828,0.951604258960983,"AGPAT5/LPGAT1/PLA2G3/GPD2/LYPLA1/PLA2G12A/ETNK1/LPCAT1/MBOAT2/MBOAT1/PLPP5/DGKH/CDS1",13
"Metabolism","Lipid metabolism","hsa01040","Biosynthesis of unsaturated fatty acids","4/875","23/6792",0.173913043478261,1.34996273291925,0.646462842404903,0.343470722744996,0.9999992015828,0.951604258960983,"HACD3/ELOVL2/ELOVL7/ELOVL4",4
"Metabolism","Lipid metabolism","hsa00062","Fatty acid elongation","4/875","24/6792",0.166666666666667,1.29371428571429,0.554269043221827,0.374449436953725,0.9999992015828,0.951604258960983,"HACD3/ELOVL2/ELOVL7/ELOVL4",4
"Metabolism","Metabolism of cofactors and vitamins","hsa00130","Ubiquinone and other terpenoid-quinone biosynthesis","2/875","10/6792",0.2,1.55245714285714,0.672263926002324,0.375910007468686,0.9999992015828,0.951604258960983,"GGCX/COQ4",2
"Human Diseases","Infectious disease: bacterial","hsa05110","Vibrio cholerae infection","7/875","47/6792",0.148936170212766,1.15608510638298,0.412894904955124,0.40285012011727,0.9999992015828,0.951604258960983,"SEC61G/SEC61B/ATP6V0A2/ATP6V1B1/KDELR3/ERO1A/ATP6V1C2",7
"Metabolism","Amino acid metabolism","hsa00380","Tryptophan metabolism","6/875","40/6792",0.15,1.16434285714286,0.400852613045019,0.412543587891793,0.9999992015828,0.951604258960983,"ACAT2/DDC/TPH1/EHHADH/AADAT/IDO1",6
"Human Diseases","Cancer: specific types","hsa05218","Melanoma","10/875","71/6792",0.140845070422535,1.09327967806841,0.303822107761774,0.433110613819672,0.9999992015828,0.951604258960983,"CDKN2A/E2F1/E2F3/MDM2/NRAS/EGFR/POLK/E2F2/CDH1/MET",10
"Metabolism","Nucleotide metabolism","hsa00230","Purine metabolism","15/875","109/6792",0.137614678899083,1.06820445609436,0.276032599562305,0.434112337527695,0.9999992015828,0.951604258960983,"RRM1/PAICS/RRM2/NME7/PPAT/GMPS/GART/DCK/PGM2/NUDT5/PDE7A/ENPP4/AK9/PDE5A/ADK",15
"Human Diseases","Cancer: specific types","hsa05226","Gastric cancer","19/875","141/6792",0.134751773049645,1.04598176291793,0.212164055057002,0.454159852598863,0.9999992015828,0.951604258960983,"CCNE2/E2F1/E2F3/SMAD2/CCNE1/CDK2/FZD3/NRAS/EGFR/POLK/FZD6/E2F2/LRP6/CDH1/BCL2/FZD9/MET/CDKN2B/WNT11",19
"Metabolism","Glycan biosynthesis and metabolism","hsa00510","N-Glycan biosynthesis","6/875","42/6792",0.142857142857143,1.10889795918367,0.272215347306333,0.460694172875201,0.9999992015828,0.951604258960983,"ALG6/TMEM258/DPM1/TUSC3/ALG13/SRD5A3",6
"Human Diseases","Infectious disease: viral","hsa05170","Human immunodeficiency virus 1 infection","25/875","188/6792",0.132978723404255,1.0322188449848,0.17226833918202,0.465070631850836,0.9999992015828,0.951604258960983,"CHEK1/CCNB1/CDK1/CCNB2/AP1S2/ATR/CDC25C/MAPK8/GNAI3/GNG4/MAP3K7/CASP3/NRAS/WEE1/GNGT1/APOBEC3B/PTK2/BCL2/TRAF5/ITPR3/CXCR4/MAPK13/AP1S3/AP1M2/GNAO1",25
"Metabolism","Global and overview maps","hsa01212","Fatty acid metabolism","7/875","50/6792",0.14,1.08672,0.236662803242315,0.469166136727643,0.9999992015828,0.951604258960983,"ACAT2/HACD3/EHHADH/ELOVL2/ACACA/ELOVL7/ELOVL4",7
"Environmental Information Processing","Signal transduction","hsa04390","Hippo signaling pathway","19/875","145/6792",0.131034482758621,1.01712709359606,0.0801631805482245,0.506071387428341,0.9999992015828,0.951604258960983,"BIRC5/SMAD2/PATJ/YWHAQ/SCRIB/SOX2/RASSF6/FZD3/PRKCI/LATS1/FZD6/DLG3/STK3/BMP8B/BMP8A/CDH1/FZD9/BMP5/WNT11",19
"Metabolism","Glycan biosynthesis and metabolism","hsa00533","Glycosaminoglycan biosynthesis - keratan sulfate","2/875","13/6792",0.153846153846154,1.1941978021978,0.269496591559838,0.513664562907081,0.9999992015828,0.951604258960983,"B4GALT4/B3GNT2",2
"Metabolism","Metabolism of terpenoids and polyketides","hsa00900","Terpenoid backbone biosynthesis","3/875","21/6792",0.142857142857143,1.10889795918367,0.19218659326156,0.519849375764082,0.9999992015828,0.951604258960983,"ACAT2/HMGCS1/HMGCR",3
"Cellular Processes","Cell growth and death","hsa04210","Apoptosis","16/875","123/6792",0.130081300813008,1.00972822299652,0.0418673835776789,0.524476113645974,0.9999992015828,0.951604258960983,"BIRC5/PMAIP1/CASP6/MAPK8/LMNB2/PIDD1/CASP3/NRAS/APAF1/LMNB1/PARP2/BCL2L11/TUBA1A/BCL2/CTSV/ITPR3",16
"Cellular Processes","Cellular community - eukaryotes","hsa04530","Tight junction","20/875","155/6792",0.129032258064516,1.00158525345622,0.00767712754881979,0.533857511919863,0.9999992015828,0.951604258960983,"PCNA/MARVELD3/PATJ/SCRIB/MAPK8/ARPC5L/PRKCI/F11R/ROCK1/MARVELD2/DLG3/CLDN3/RAB13/TUBA1A/OCLN/PRKAA1/AFDN/EPB41L4B/CLDN4/CLDN18",20
"Human Diseases","Cancer: overview","hsa05202","Transcriptional misregulation in cancer","21/875","164/6792",0.128048780487805,0.993951219512195,-0.0301521722447591,0.547990038654043,0.9999992015828,0.951604258960983,"CCNA2/HDAC2/CDKN2C/TCF3/CCNT2/SIX4/MDM2/SS18L1/SIX1/POLK/MLF1/PTK2/PML/EYA1/PROM1/CXCL8/LMO2/MLLT3/MET/HOXA10/PAX5",21
"Genetic Information Processing","Folding, sorting and degradation","hsa04130","SNARE interactions in vesicular transport","4/875","30/6792",0.133333333333333,1.03497142857143,0.073817022720466,0.552134137564001,0.9999992015828,0.951604258960983,"STX19/STX6/GOSR2/STX1A",4
"Metabolism","Amino acid metabolism","hsa00220","Arginine biosynthesis","3/875","22/6792",0.136363636363636,1.05849350649351,0.105668312002466,0.552580132875512,0.9999992015828,0.951604258960983,"GLS/ARG2/GLS2",3
"Human Diseases","Cancer: specific types","hsa05224","Breast cancer","18/875","141/6792",0.127659574468085,0.99093009118541,-0.0418493879091808,0.555322553371899,0.9999992015828,0.951604258960983,"BRCA1/E2F1/E2F3/FZD3/BRCA2/NRAS/EGFR/POLK/FZD6/HEY1/DLL3/KIT/E2F2/LRP6/FZD9/HES1/DLL1/WNT11",18
"Human Diseases","Cancer: specific types","hsa05223","Non-small cell lung cancer","9/875","71/6792",0.126760563380282,0.983951710261569,-0.0522710338979273,0.574619121088367,0.9999992015828,0.951604258960983,"CDKN2A/E2F1/E2F3/NRAS/EGFR/POLK/E2F2/KIF5C/MET",9
"Cellular Processes","Cellular community - eukaryotes","hsa04520","Adherens junction","11/875","87/6792",0.126436781609195,0.98143842364532,-0.0670031466036141,0.575430843912075,0.9999992015828,0.951604258960983,"MAP3K7/YES1/SSX2IP/EGFR/ROCK1/SMURF2/CDH1/AFDN/FYN/MET/WASF1",11
"Organismal Systems","Immune system","hsa04657","IL-17 signaling pathway","11/875","87/6792",0.126436781609195,0.98143842364532,-0.0670031466036141,0.575430843912075,0.9999992015828,0.951604258960983,"SRSF1/MAPK8/MAP3K7/CASP3/CXCL10/IL17RB/MMP1/TRAF5/ELAVL1/CXCL8/MAPK13",11
"Human Diseases","Substance dependence","hsa05030","Cocaine addiction","6/875","48/6792",0.125,0.970285714285714,-0.0794414641657416,0.59678855253162,0.9999992015828,0.951604258960983,"GNAI3/ATF2/CREB3L4/DDC/CDK5R1/GRIN3A",6
"Human Diseases","Endocrine and metabolic disease","hsa04934","Cushing syndrome","18/875","145/6792",0.124137931034483,0.963594088669951,-0.170397483180969,0.605652626973049,0.9999992015828,0.951604258960983,"CCNE2/CDKN2A/CDKN2C/E2F1/E2F3/CCNE1/CDK2/GNAI3/ATF2/FZD3/CREB3L4/EGFR/FZD6/E2F2/ITPR3/FZD9/CDKN2B/WNT11",18
"Organismal Systems","Immune system","hsa04621","NOD-like receptor signaling pathway","20/875","161/6792",0.124223602484472,0.964259094942325,-0.176485519232291,0.60618779732345,0.9999992015828,0.951604258960983,"MFN1/MAPK8/BRCC3/VDAC3/MAP3K7/SUGT1/TXN/PANX1/STAT1/PKN2/IFNAR1/TANK/BCL2/TRAF5/CARD8/ITPR3/CXCL8/MAPK13/GBP1/GBP5",20
"Organismal Systems","Excretory system","hsa04966","Collecting duct acid secretion","3/875","24/6792",0.125,0.970285714285714,-0.0560739109874223,0.613874702600999,0.9999992015828,0.951604258960983,"ATP6V0A2/ATP6V1B1/ATP6V1C2",3
"Metabolism","Energy metabolism","hsa00910","Nitrogen metabolism","2/875","16/6792",0.125,0.970285714285714,-0.0457571213713098,0.629811221814357,0.9999992015828,0.951604258960983,"CA8/CA9",2
"Organismal Systems","Immune system","hsa04670","Leukocyte transendothelial migration","13/875","107/6792",0.121495327102804,0.943081441922563,-0.228199758083416,0.634089446896959,0.9999992015828,0.951604258960983,"GNAI3/F11R/ROCK1/VAV2/CLDN3/PTK2/OCLN/AFDN/ARHGAP5/CXCR4/CLDN4/MAPK13/CLDN18",13
"Metabolism","Metabolism of other amino acids","hsa00480","Glutathione metabolism","6/875","50/6792",0.12,0.931474285714286,-0.187009774412351,0.637911090194081,0.9999992015828,0.951604258960983,"RRM1/GGCT/RRM2/SMS/ODC1/CHAC2",6
"Organismal Systems","Nervous system","hsa04724","Glutamatergic synapse","13/875","108/6792",0.12037037037037,0.934349206349206,-0.264456194916036,0.647807274159548,0.9999992015828,0.951604258960983,"GNAI3/GNG4/GNGT1/GRM5/SLC38A1/GLS/ITPR3/TRPC1/GRIN3A/GLS2/DLGAP1/GRM8/GNAO1",13
"Human Diseases","Cancer: specific types","hsa05215","Prostate cancer","12/875","100/6792",0.12,0.931474285714286,-0.26545793525986,0.649847409348253,0.9999992015828,0.951604258960983,"CCNE2/E2F1/E2F3/CCNE1/CDK2/MDM2/CREB3L4/NRAS/EGFR/GRM5/E2F2/BCL2",12
"Metabolism","Xenobiotics biodegradation and metabolism","hsa00983","Drug metabolism - other enzymes","7/875","59/6792",0.11864406779661,0.920949152542373,-0.234502963703795,0.651324760024093,0.9999992015828,0.951604258960983,"RRM1/DUT/RRM2/NME7/GMPS/UMPS/TK1",7
"Metabolism","Glycan biosynthesis and metabolism","hsa00513","Various types of N-glycan biosynthesis","4/875","36/6792",0.111111111111111,0.86247619047619,-0.318129857693244,0.699291791721665,0.9999992015828,0.951604258960983,"TMEM258/TUSC3/ALG13/CHST9",4
"Human Diseases","Cancer: specific types","hsa05220","Chronic myeloid leukemia","8/875","71/6792",0.112676056338028,0.874623742454728,-0.408364175557628,0.711137873775498,0.9999992015828,0.951604258960983,"CDKN2A/HDAC2/E2F1/E2F3/MDM2/NRAS/POLK/E2F2",8
"Human Diseases","Infectious disease: bacterial","hsa05130","Pathogenic Escherichia coli infection","21/875","179/6792",0.11731843575419,0.910659217877095,-0.465797455047932,0.712540064231091,0.9999992015828,0.951604258960983,"MAPK8/TUBB2B/ARPC5L/MAP3K7/CASP3/BAIAP2L1/ROCK1/MYO6/CLDN3/MYO1B/TUBA1A/OCLN/MYO5B/FYN/LPAR2/CLDN4/CXCL8/MAPK13/CYTH2/WASF1/CLDN18",21
"Human Diseases","Neurodegenerative disease","hsa05016","Huntington disease","27/875","228/6792",0.118421052631579,0.919218045112782,-0.477108993528946,0.712905285114513,0.9999992015828,0.951604258960983,"POLR2H/HDAC2/POLR2K/POLR2B/PSMD14/COX7A2/PSMC6/RB1CC1/DNAH14/MAPK8/TFAM/DNAH5/TUBB2B/VDAC3/POLR2G/CASP3/CREB3L4/APAF1/IFT57/NDUFB6/GRM5/TUBA1A/KIF5C/CACNA1B/NDUFA7/STX1A/KLC3",27
"Environmental Information Processing","Signal transduction","hsa04392","Hippo signaling pathway - multiple species","3/875","28/6792",0.107142857142857,0.831673469387755,-0.343202067596811,0.718575806760796,0.9999992015828,0.951604258960983,"RASSF6/LATS1/STK3",3
"Organismal Systems","Endocrine system","hsa04926","Relaxin signaling pathway","14/875","122/6792",0.114754098360656,0.890754098360656,-0.468211696683718,0.720150859870848,0.9999992015828,0.951604258960983,"RLN2/SMAD2/MAPK8/GNAI3/GNG4/ATF2/CREB3L4/NRAS/EGFR/GNGT1/MMP1/VEGFA/MAPK13/GNAO1",14
"Metabolism","Lipid metabolism","hsa00592","alpha-Linolenic acid metabolism","2/875","19/6792",0.105263157894737,0.817082706766917,-0.307016089653471,0.723165005205515,0.9999992015828,0.951604258960983,"PLA2G3/PLA2G12A",2
"Human Diseases","Cancer: specific types","hsa05214","Glioma","8/875","72/6792",0.111111111111111,0.86247619047619,-0.451107048502369,0.726001375825611,0.9999992015828,0.951604258960983,"CDKN2A/E2F1/E2F3/MDM2/NRAS/EGFR/POLK/E2F2",8
"Environmental Information Processing","Signal transduction","hsa04330","Notch signaling pathway","6/875","55/6792",0.109090909090909,0.846794805194805,-0.438673772552993,0.729067191940319,0.9999992015828,0.951604258960983,"HDAC2/HEY1/DLL3/TLE6/HES1/DLL1",6
"Human Diseases","Infectious disease: bacterial","hsa05131","Shigellosis","23/875","199/6792",0.115577889447236,0.897148600143575,-0.56625925660545,0.745296822768292,0.9999992015828,0.951604258960983,"CBX3/UBE2V2/FOXO6/GLMN/FNBP1L/MAPK8/MDM2/ARPC5L/MAP3K7/UBE2NL/EGFR/ROCK1/PFN2/PTK2/TIFA/BCL2/BNIP3/TRAF5/ITPR3/CXCL8/MAPK13/CYTH2/WASF1",23
"Human Diseases","Substance dependence","hsa05034","Alcoholism","11/875","99/6792",0.111111111111111,0.86247619047619,-0.530035778146016,0.745720703359921,0.9999992015828,0.951604258960983,"HDAC2/GNAI3/GNG4/ATF2/HAT1/CREB3L4/NRAS/GNGT1/DDC/GRIN3A/GNAO1",11
"Organismal Systems","Endocrine system","hsa04911","Insulin secretion","9/875","82/6792",0.109756097560976,0.85195818815331,-0.51862107959163,0.746134591635551,0.9999992015828,0.951604258960983,"KCNMB3/ATF2/CREB3L4/KCNMB2/PCLO/RIMS2/ITPR3/STX1A/ADCYAP1",9
"Human Diseases","Cancer: overview","hsa05231","Choline metabolism in cancer","10/875","91/6792",0.10989010989011,0.852998430141287,-0.542866405730786,0.751893874641234,0.9999992015828,0.951604258960983,"RHEB/MAPK8/SLC44A1/NRAS/LYPLA1/EGFR/SLC22A3/SLC44A5/DGKH/WASF1",10
"Human Diseases","Infectious disease: viral","hsa05160","Hepatitis C","16/875","142/6792",0.112676056338028,0.874623742454728,-0.580588940421791,0.755498152633549,0.9999992015828,0.951604258960983,"E2F1/E2F3/YWHAQ/CDK2/CASP3/NRAS/EGFR/APAF1/STAT1/IFNAR1/CXCL10/CLDN3/E2F2/OCLN/CLDN4/CLDN18",16
"Human Diseases","Cancer: overview","hsa05207","Chemical carcinogenesis - receptor activation","20/875","176/6792",0.113636363636364,0.882077922077922,-0.609500148952674,0.761333140878796,0.9999992015828,0.951604258960983,"KPNA2/CDC6/MIRLET7D/BIRC5/E2F1/GNAI3/ATF2/CREB3L4/NRAS/EGFR/DLL3/CDC25A/KPNA5/BCL2/VEGFA/CACNA1B/RPS6KA6/KLF5/DLL1/EPHX4",20
"Metabolism","Carbohydrate metabolism","hsa00030","Pentose phosphate pathway","3/875","30/6792",0.1,0.776228571428571,-0.472332452570825,0.761992274941109,0.9999992015828,0.951604258960983,"DERA/RPE/PGM2",3
"Organismal Systems","Immune system","hsa04623","Cytosolic DNA-sensing pathway","7/875","66/6792",0.106060606060606,0.823272727272727,-0.554775430139656,0.763735693834252,0.9999992015828,0.951604258960983,"POLR2H/POLR2K/POLR1C/CASP3/CXCL10/POLR3B/POLR3G",7
"Human Diseases","Cancer: overview","hsa05230","Central carbon metabolism in cancer","7/875","66/6792",0.106060606060606,0.823272727272727,-0.554775430139656,0.763735693834252,0.9999992015828,0.951604258960983,"PDK1/NRAS/EGFR/KIT/GLS/GLS2/MET",7
"Metabolism","Amino acid metabolism","hsa00270","Cysteine and methionine metabolism","5/875","49/6792",0.102040816326531,0.792069970845481,-0.561705636327239,0.774606140084895,0.9999992015828,0.951604258960983,"DNMT3B/DNMT1/SMS/DNMT3A/PSAT1",5
"Human Diseases","Infectious disease: viral","hsa05168","Herpes simplex virus 1 infection","17/875","153/6792",0.111111111111111,0.86247619047619,-0.661595255891023,0.780100392373307,0.9999992015828,0.951604258960983,"SRSF1/SRPK1/RHEB/MAP3K7/CASP3/SRSF7/APAF1/SRSF6/STAT1/IFNAR1/SYK/SRSF3/PML/BCL2/EIF2B5/TRAF5/POU2F3",17
"Human Diseases","Cancer: specific types","hsa05225","Hepatocellular carcinoma","17/875","153/6792",0.111111111111111,0.86247619047619,-0.661595255891023,0.780100392373307,0.9999992015828,0.951604258960983,"CDKN2A/ACTL6A/E2F1/ARID2/E2F3/SMAD2/FZD3/NRAS/EGFR/POLK/FZD6/PHF10/E2F2/LRP6/FZD9/MET/WNT11",17
"Organismal Systems","Nervous system","hsa04727","GABAergic synapse","9/875","85/6792",0.105882352941176,0.821889075630252,-0.635412822231771,0.78348982432804,0.9999992015828,0.951604258960983,"GNAI3/GNG4/GNGT1/GAD1/SLC38A1/GLS/CACNA1B/GLS2/GNAO1",9
"Organismal Systems","Endocrine system","hsa04916","Melanogenesis","10/875","94/6792",0.106382978723404,0.825775075987842,-0.654066259164187,0.787065809275975,0.9999992015828,0.951604258960983,"GNAI3/FZD3/CREB3L4/NRAS/FZD6/KIT/KITLG/FZD9/GNAO1/WNT11",10
"Organismal Systems","Endocrine system","hsa04917","Prolactin signaling pathway","7/875","68/6792",0.102941176470588,0.799058823529412,-0.640368044485624,0.790478855752257,0.9999992015828,0.951604258960983,"SOCS4/MAPK8/NRAS/STAT1/SOCS6/SOCS7/MAPK13",7
"Human Diseases","Infectious disease: bacterial","hsa05133","Pertussis","7/875","68/6792",0.102941176470588,0.799058823529412,-0.640368044485624,0.790478855752257,0.9999992015828,0.951604258960983,"MAPK8/GNAI3/CASP3/IL23A/CXCL8/MAPK13/C4BPA",7
"Human Diseases","Infectious disease: viral","hsa05165","Human papillomavirus infection","35/875","304/6792",0.115131578947368,0.893684210526316,-0.729288300985196,0.791152744851263,0.9999992015828,0.951604258960983,"CCNE2/HES6/CCNA2/HDAC2/E2F1/ATR/PATJ/SCRIB/CCNE1/RHEB/CDK2/RBL1/MDM2/FZD3/PRKCI/CASP3/CREB3L4/NRAS/EGFR/STAT1/FZD6/IFNAR1/HEY1/ATP6V0A2/DLG3/PTK2/ATP6V1B1/IBSP/VEGFA/HES2/FZD9/HES1/ITGB8/ATP6V1C2/WNT11",35
"Organismal Systems","Digestive system","hsa04975","Fat digestion and absorption","4/875","41/6792",0.0975609756097561,0.757296167247387,-0.599383269238152,0.792607718439129,0.9999992015828,0.951604258960983,"PLA2G3/PLA2G12A/ACAT2/CEL",4
"Human Diseases","Infectious disease: viral","hsa05163","Human cytomegalovirus infection","23/875","205/6792",0.11219512195122,0.870890592334495,-0.72179038842034,0.793912299871038,0.9999992015828,0.951604258960983,"CDKN2A/E2F1/E2F3/RHEB/MDM2/GNAI3/GNG4/ATF2/CASP3/CREB3L4/NRAS/EGFR/GNGT1/ROCK1/PTK2/E2F2/TRAF5/ITPR3/VEGFA/CXCR4/CXCL8/MAPK13/GNAO1",23
"Organismal Systems","Endocrine system","hsa04614","Renin-angiotensin system","2/875","22/6792",0.0909090909090909,0.705662337662338,-0.531719942989316,0.795822522322864,0.9999992015828,0.951604258960983,"NLN/PREP",2
"Organismal Systems","Excretory system","hsa04964","Proximal tubule bicarbonate reclamation","2/875","22/6792",0.0909090909090909,0.705662337662338,-0.531719942989316,0.795822522322864,0.9999992015828,0.951604258960983,"GLS/GLS2",2
"Human Diseases","Cancer: overview","hsa05200","Pathways in cancer","58/875","493/6792",0.117647058823529,0.913210084033613,-0.769444023022427,0.798140326104364,0.9999992015828,0.951604258960983,"CCNE2/SKP2/CDKN2A/CCNA2/MSH6/HDAC2/MSH2/CKS1B/BIRC5/PMAIP1/E2F1/E2F3/SMAD2/CKS2/CCNE1/CDK2/MAPK8/RAD51/MDM2/GNAI3/GNG4/FZD3/BRCA2/CASP3/NRAS/EGFR/POLK/APAF1/GNGT1/ROCK1/STAT1/FZD6/IFNAR1/BCL2L11/HEY1/DLL3/IL23A/KIT/PTK2/E2F2/LRP6/CDH1/PML/MMP1/BCL2/DCC/TRAF5/VEGFA/LPAR2/CXCR4/KITLG/CXCL8/FZD9/HES1/MET/CDKN2B/DLL1/WNT11",58
"Organismal Systems","Nervous system","hsa04726","Serotonergic synapse","11/875","104/6792",0.105769230769231,0.821010989010989,-0.707318492867064,0.801140619755068,0.9999992015828,0.951604258960983,"GNAI3/GNG4/CASP3/NRAS/GNGT1/DDC/TPH1/ITPR3/CACNA1B/TRPC1/GNAO1",11
"Environmental Information Processing","Signal transduction","hsa04150","mTOR signaling pathway","15/875","140/6792",0.107142857142857,0.831673469387755,-0.773856753242753,0.814949621141972,0.9999992015828,0.951604258960983,"SKP2/TBC1D7/RHEB/TTI1/FZD3/NRAS/FZD6/EIF4E2/LRP6/ATP6V1B1/PRKAA1/FZD9/ATP6V1C2/RPS6KA6/WNT11",15
"Metabolism","Lipid metabolism","hsa00561","Glycerolipid metabolism","6/875","61/6792",0.0983606557377049,0.763503512880562,-0.713460483016283,0.815470166916305,0.9999992015828,0.951604258960983,"AGPAT5/MBOAT2/MBOAT1/PLPP5/DGKH/CEL",6
"Organismal Systems","Immune system","hsa04622","RIG-I-like receptor signaling pathway","6/875","61/6792",0.0983606557377049,0.763503512880562,-0.713460483016283,0.815470166916305,0.9999992015828,0.951604258960983,"MAPK8/MAP3K7/CXCL10/TANK/CXCL8/MAPK13",6
"Organismal Systems","Endocrine system","hsa04929","GnRH secretion","6/875","61/6792",0.0983606557377049,0.763503512880562,-0.713460483016283,0.815470166916305,0.9999992015828,0.951604258960983,"NRAS/GNRH1/ITPR3/HCN3/TRPC1/KISS1R",6
"Metabolism","Lipid metabolism","hsa00591","Linoleic acid metabolism","2/875","23/6792",0.0869565217391304,0.674981366459627,-0.600385269369654,0.816001186887414,0.9999992015828,0.951604258960983,"PLA2G3/PLA2G12A",2
"Human Diseases","Immune disease","hsa05340","Primary immunodeficiency","3/875","33/6792",0.0909090909090909,0.705662337662338,-0.651750975946481,0.816755607455753,0.9999992015828,0.951604258960983,"DCLRE1C/UNG/ICOS",3
"Human Diseases","Endocrine and metabolic disease","hsa04933","AGE-RAGE signaling pathway in diabetic complications","10/875","97/6792",0.103092783505155,0.800235640648012,-0.761988979716141,0.818487024154862,0.9999992015828,0.951604258960983,"SMAD2/MAPK8/CASP3/NRAS/STAT1/BCL2/VEGFA/CXCL8/MAPK13/NOX4",10
"Organismal Systems","Immune system","hsa04664","Fc epsilon RI signaling pathway","6/875","62/6792",0.0967741935483871,0.751188940092166,-0.756794733254618,0.827514081234284,0.9999992015828,0.951604258960983,"MAPK8/NRAS/VAV2/SYK/FYN/MAPK13",6
"Metabolism","Metabolism of other amino acids","hsa00450","Selenocompound metabolism","1/875","13/6792",0.0769230769230769,0.597098901098901,-0.559123077917037,0.833807247914717,0.9999992015828,0.951604258960983,"SEPHS1",1
"Cellular Processes","Cellular community - eukaryotes","hsa04540","Gap junction","8/875","81/6792",0.0987654320987654,0.766645502645503,-0.812428541866609,0.83636230584633,0.9999992015828,0.951604258960983,"CDK1/GNAI3/TUBB2B/NRAS/EGFR/GRM5/TUBA1A/ITPR3",8
"Metabolism","Carbohydrate metabolism","hsa00620","Pyruvate metabolism","4/875","44/6792",0.0909090909090909,0.705662337662338,-0.753190345843464,0.83644840154219,0.9999992015828,0.951604258960983,"ACYP1/GLO1/ACAT2/ACACA",4
"Environmental Information Processing","Signal transduction","hsa04310","Wnt signaling pathway","17/875","160/6792",0.10625,0.824742857142857,-0.86264789510518,0.836983381310139,0.9999992015828,0.951604258960983,"CACYBP/MAPK8/FZD3/MAP3K7/RUVBL1/CXXC4/FZD6/CCAR2/CCDC88C/LRP6/VANGL1/TLE6/NOTUM/VANGL2/FZD9/RNF43/WNT11",17
"Organismal Systems","Environmental adaptation","hsa04714","Thermogenesis","18/875","170/6792",0.105882352941176,0.821889075630252,-0.904358317421014,0.846772335202426,0.9999992015828,0.951604258960983,"ACTL6A/COX7A2/COX20/NDUFAF7/RHEB/COA7/ATF2/COA6/CREB3L4/NRAS/COX17/NDUFB6/BMP8B/BMP8A/PRKAA1/NDUFA7/MAPK13/RPS6KA6",18
"Genetic Information Processing","Folding, sorting and degradation","hsa03050","Proteasome","3/875","35/6792",0.0857142857142857,0.665338775510204,-0.76327768489059,0.847000973119386,0.9999992015828,0.951604258960983,"PSMD14/PSMC6/POMP",3
"Human Diseases","Substance dependence","hsa05031","Amphetamine addiction","6/875","64/6792",0.09375,0.727714285714286,-0.841573320378376,0.849714883818658,0.9999992015828,0.951604258960983,"HDAC2/ATF2/CREB3L4/DDC/GRIN3A/STX1A",6
"Organismal Systems","Immune system","hsa04620","Toll-like receptor signaling pathway","9/875","92/6792",0.0978260869565217,0.759354037267081,-0.893624772343639,0.854740649790874,0.9999992015828,0.951604258960983,"MAPK8/MAP3K7/STAT1/IFNAR1/CXCL10/CXCL9/CXCL11/CXCL8/MAPK13",9
"Metabolism","Energy metabolism","hsa00190","Oxidative phosphorylation","8/875","83/6792",0.0963855421686747,0.748172117039587,-0.887634291746591,0.85540341237831,0.9999992015828,0.951604258960983,"COX7A2/COX17/ATP6V0A2/NDUFB6/PPA2/ATP6V1B1/NDUFA7/ATP6V1C2",8
"Cellular Processes","Transport and catabolism","hsa04137","Mitophagy - animal","8/875","83/6792",0.0963855421686747,0.748172117039587,-0.887634291746591,0.85540341237831,0.9999992015828,0.951604258960983,"E2F1/MFN1/OPA1/MAPK8/NRAS/MTX2/SMURF2/BNIP3",8
"Human Diseases","Cancer: overview","hsa05205","Proteoglycans in cancer","20/875","190/6792",0.105263157894737,0.817082706766917,-0.98336311377932,0.864301226709781,0.9999992015828,0.951604258960983,"DROSHA/SMAD2/HOXD10/MDM2/FZD3/CASP3/NRAS/EGFR/ROCK1/FZD6/VAV2/PTK2/HPSE/ITPR3/VEGFA/MAPK13/FZD9/LUM/MET/WNT11",20
"Environmental Information Processing","Signal transduction","hsa04072","Phospholipase D signaling pathway","14/875","138/6792",0.101449275362319,0.787478260869565,-0.96988806080771,0.8658309794591,0.9999992015828,0.951604258960983,"AGPAT5/RHEB/NRAS/EGFR/KIT/SYK/GRM5/DGKH/FYN/LPAR2/KITLG/CXCL8/CYTH2/GRM8",14
"Metabolism","Global and overview maps","hsa01230","Biosynthesis of amino acids","6/875","66/6792",0.0909090909090909,0.705662337662338,-0.923973423624718,0.869526761574724,0.9999992015828,0.951604258960983,"PSPH/RPE/SHMT2/ASNS/PSAT1/ARG2",6
"Metabolism","Lipid metabolism","hsa00140","Steroid hormone biosynthesis","4/875","47/6792",0.0851063829787234,0.660620060790274,-0.897768217550814,0.872257437410669,0.9999992015828,0.951604258960983,"HSD17B7/SRD5A1/SRD5A3/HSD17B6",4
"Environmental Information Processing","Signaling molecules and interaction","hsa04512","ECM-receptor interaction","8/875","85/6792",0.0941176470588235,0.730568067226891,-0.961201596188002,0.872623966759702,0.9999992015828,0.951604258960983,"HMMR/FRAS1/CD47/DMP1/FREM2/IBSP/ITGB8/NPNT",8
"Metabolism","Amino acid metabolism","hsa00260","Glycine, serine and threonine metabolism","3/875","37/6792",0.0810810810810811,0.629374517374517,-0.869247736979272,0.872811953354888,0.9999992015828,0.951604258960983,"PSPH/SHMT2/PSAT1",3
"Human Diseases","Cancer: specific types","hsa05216","Thyroid cancer","3/875","37/6792",0.0810810810810811,0.629374517374517,-0.869247736979272,0.872811953354888,0.9999992015828,0.951604258960983,"NRAS/POLK/CDH1",3
"Metabolism","Lipid metabolism","hsa00061","Fatty acid biosynthesis","1/875","15/6792",0.0666666666666667,0.517485714285714,-0.719378029253499,0.873943857413119,0.9999992015828,0.951604258960983,"ACACA",1
"Metabolism","Amino acid metabolism","hsa00360","Phenylalanine metabolism","1/875","15/6792",0.0666666666666667,0.517485714285714,-0.719378029253499,0.873943857413119,0.9999992015828,0.951604258960983,"DDC",1
"Metabolism","Metabolism of other amino acids","hsa00430","Taurine and hypotaurine metabolism","1/875","15/6792",0.0666666666666667,0.517485714285714,-0.719378029253499,0.873943857413119,0.9999992015828,0.951604258960983,"GAD1",1
"Metabolism","Glycan biosynthesis and metabolism","hsa00541","Biosynthesis of various nucleotide sugars","1/875","15/6792",0.0666666666666667,0.517485714285714,-0.719378029253499,0.873943857413119,0.9999992015828,0.951604258960983,"TGDS",1
"Metabolism","Glycan biosynthesis and metabolism","hsa00603","Glycosphingolipid biosynthesis - globo and isoglobo series","1/875","15/6792",0.0666666666666667,0.517485714285714,-0.719378029253499,0.873943857413119,0.9999992015828,0.951604258960983,"B3GALNT1",1
NA,NA,"hsa03273","Virion - Lassa virus and SFTS virus","1/875","15/6792",0.0666666666666667,0.517485714285714,-0.719378029253499,0.873943857413119,0.9999992015828,0.951604258960983,"TFRC",1
"Human Diseases","Drug resistance: antineoplastic","hsa01521","EGFR tyrosine kinase inhibitor resistance","7/875","76/6792",0.0921052631578947,0.714947368421053,-0.960940757999291,0.874948991180839,0.9999992015828,0.951604258960983,"NRAS/EGFR/BCL2L11/EIF4E2/BCL2/VEGFA/MET",7
"Cellular Processes","Transport and catabolism","hsa04146","Peroxisome","7/875","76/6792",0.0921052631578947,0.714947368421053,-0.960940757999291,0.874948991180839,0.9999992015828,0.951604258960983,"PEX1/PEX13/AGPS/PXMP2/PEX5L/EHHADH/SLC27A2",7
"Cellular Processes","Transport and catabolism","hsa04148","Efferocytosis","15/875","149/6792",0.100671140939597,0.78143815915628,-1.03730257255682,0.879798443532657,0.9999992015828,0.951604258960983,"DNMT3A/CASP3/CD47/PANX1/ATP11B/VPS8/ODC1/PTK2/CD24/TMEM30B/MAPK13/MEGF11/ARG2/ATP8A2/DUSP4",15
"Environmental Information Processing","Signaling molecules and interaction","hsa04514","Cell adhesion molecules","15/875","149/6792",0.100671140939597,0.78143815915628,-1.03730257255682,0.879798443532657,0.9999992015828,0.951604258960983,"F11R/CXADR/CLDN3/NRCAM/CADM1/OCLN/CDH1/CDH2/CNTNAP2/CLDN4/SLITRK6/ALCAM/ITGB8/CLDN18/ICOS",15
"Human Diseases","Neurodegenerative disease","hsa05012","Parkinson disease","20/875","193/6792",0.103626943005181,0.804381939304219,-1.06015324386588,0.881145026292064,0.9999992015828,0.951604258960983,"PSMD14/COX7A2/PSMC6/MFN1/MAPK8/GNAI3/TUBB2B/VDAC3/CASP3/SLC39A6/TXN/APAF1/UCHL1/NDUFB6/TUBA1A/KIF5C/ITPR3/NDUFA7/SNCAIP/KLC3",20
"Organismal Systems","Nervous system","hsa04728","Dopaminergic synapse","12/875","123/6792",0.0975609756097561,0.757296167247387,-1.0445252401457,0.884322677812759,0.9999992015828,0.951604258960983,"MAPK8/GNAI3/GNG4/ATF2/CREB3L4/GNGT1/DDC/KIF5C/ITPR3/CACNA1B/MAPK13/GNAO1",12
"Organismal Systems","Nervous system","hsa04725","Cholinergic synapse","10/875","105/6792",0.0952380952380952,0.739265306122449,-1.0353755811716,0.885066289033357,0.9999992015828,0.951604258960983,"GNAI3/GNG4/CREB3L4/NRAS/GNGT1/BCL2/FYN/ITPR3/CACNA1B/GNAO1",10
"Human Diseases","Infectious disease: bacterial","hsa05100","Bacterial invasion of epithelial cells","6/875","68/6792",0.0882352941176471,0.68490756302521,-1.00415022566213,0.887114719270877,0.9999992015828,0.951604258960983,"ARPC5L/CD2AP/PTK2/CDH1/MET/WASF1",6
"Metabolism","Glycan biosynthesis and metabolism","hsa00514","Other types of O-glycan biosynthesis","3/875","39/6792",0.0769230769230769,0.597098901098901,-0.970292082690542,0.894692874821768,0.9999992015828,0.951604258960983,"GXYLT1/GALNT3/GALNT13",3
"Cellular Processes","Cell growth and death","hsa04216","Ferroptosis","3/875","39/6792",0.0769230769230769,0.597098901098901,-0.970292082690542,0.894692874821768,0.9999992015828,0.951604258960983,"VDAC3/TFRC/SLC7A11",3
"Human Diseases","Cancer: specific types","hsa05217","Basal cell carcinoma","5/875","60/6792",0.0833333333333333,0.646857142857143,-1.05651119929661,0.901013503780099,0.9999992015828,0.951604258960983,"FZD3/POLK/FZD6/FZD9/WNT11",5
"Metabolism","Carbohydrate metabolism","hsa00500","Starch and sucrose metabolism","2/875","29/6792",0.0689655172413793,0.535330049261084,-0.964259665429619,0.903580411155447,0.9999992015828,0.951604258960983,"PGM2/PGM2L1",2
"Metabolism","Carbohydrate metabolism","hsa00630","Glyoxylate and dicarboxylate metabolism","2/875","29/6792",0.0689655172413793,0.535330049261084,-0.964259665429619,0.903580411155447,0.9999992015828,0.951604258960983,"ACAT2/SHMT2",2
"Metabolism","Lipid metabolism","hsa00120","Primary bile acid biosynthesis","1/875","17/6792",0.0588235294117647,0.456605042016807,-0.862592191469539,0.904395584628006,0.9999992015828,0.951604258960983,"CYP39A1",1
"Human Diseases","Infectious disease: bacterial","hsa05134","Legionellosis","4/875","51/6792",0.0784313725490196,0.608806722689076,-1.07828711187931,0.909341759116107,0.9999992015828,0.951604258960983,"CASP3/APAF1/BNIP3/CXCL8",4
"Metabolism","Metabolism of other amino acids","hsa00410","beta-Alanine metabolism","2/875","30/6792",0.0666666666666667,0.517485714285714,-1.01848192786212,0.913693849456471,0.9999992015828,0.951604258960983,"GAD1/EHHADH",2
"Metabolism","Global and overview maps","hsa01250","Biosynthesis of nucleotide sugars","2/875","30/6792",0.0666666666666667,0.517485714285714,-1.01848192786212,0.913693849456471,0.9999992015828,0.951604258960983,"PGM2/TGDS",2
"Metabolism","Glycan biosynthesis and metabolism","hsa00531","Glycosaminoglycan degradation","1/875","18/6792",0.0555555555555556,0.431238095238095,-0.929103858100328,0.916743018347636,0.9999992015828,0.951604258960983,"HPSE",1
"Environmental Information Processing","Signal transduction","hsa04340","Hedgehog signaling pathway","4/875","52/6792",0.0769230769230769,0.597098901098901,-1.12147677111208,0.91697341046347,0.9999992015828,0.951604258960983,"EFCAB7/SMURF2/BCL2/GPR161",4
"Organismal Systems","Nervous system","hsa04730","Long-term depression","4/875","52/6792",0.0769230769230769,0.597098901098901,-1.12147677111208,0.91697341046347,0.9999992015828,0.951604258960983,"GNAI3/NRAS/ITPR3/GNAO1",4
"Organismal Systems","Aging","hsa04211","Longevity regulating pathway","7/875","82/6792",0.0853658536585366,0.662634146341463,-1.18186234725993,0.917907152434241,0.9999992015828,0.951604258960983,"RB1CC1/RHEB/ATF2/CREB3L4/NRAS/EIF4E2/PRKAA1",7
"Environmental Information Processing","Signaling molecules and interaction","hsa04061","Viral protein interaction with cytokine and cytokine receptor","8/875","92/6792",0.0869565217391304,0.674981366459627,-1.20693777326032,0.920133165017788,0.9999992015828,0.951604258960983,"CXCL10/CXCL9/CXCL11/CCL18/CXCR4/CXCL8/XCL1/CXCL13",8
"Metabolism","Amino acid metabolism","hsa00280","Valine, leucine and isoleucine degradation","3/875","42/6792",0.0714285714285714,0.554448979591837,-1.11375664587554,0.921205675625729,0.9999992015828,0.951604258960983,"ACAT2/HMGCS1/EHHADH",3
"Metabolism","Carbohydrate metabolism","hsa00640","Propanoate metabolism","2/875","31/6792",0.0645161290322581,0.500792626728111,-1.07121458538692,0.922805319969388,0.9999992015828,0.951604258960983,"EHHADH/ACACA",2
"Metabolism","Amino acid metabolism","hsa00330","Arginine and proline metabolism","3/875","43/6792",0.0697674418604651,0.541554817275748,-1.15963692169578,0.928587810185788,0.9999992015828,0.951604258960983,"SMS/ODC1/ARG2",3
"Organismal Systems","Aging","hsa04213","Longevity regulating pathway - multiple species","4/875","54/6792",0.0740740740740741,0.574984126984127,-1.20574823146362,0.930534941195904,0.9999992015828,0.951604258960983,"HDAC2/NRAS/FOXA2/PRKAA1",4
"Metabolism","Glycan biosynthesis and metabolism","hsa00512","Mucin type O-glycan biosynthesis","2/875","32/6792",0.0625,0.485142857142857,-1.12255722800755,0.931004789918516,0.9999992015828,0.951604258960983,"GALNT3/GALNT13",2
"Cellular Processes","Transport and catabolism","hsa04142","Lysosome","11/875","123/6792",0.0894308943089431,0.694188153310105,-1.31612339607655,0.932818667597946,0.9999992015828,0.951604258960983,"AP1S2/AP3B2/LAPTM4B/AP3M2/ATP6V0A2/LAMP3/DMXL2/CTSV/NAPSA/AP1S3/AP1M2",11
"Human Diseases","Immune disease","hsa05323","Rheumatoid arthritis","7/875","85/6792",0.0823529411764706,0.63924705882353,-1.28699037014423,0.93413210711193,0.9999992015828,0.951604258960983,"ATP6V0A2/IL23A/ATP6V1B1/MMP1/VEGFA/CXCL8/ATP6V1C2",7
"Cellular Processes","Transport and catabolism","hsa04140","Autophagy - animal","13/875","142/6792",0.0915492957746479,0.710631790744467,-1.3399983800183,0.934394087699245,0.9999992015828,0.951604258960983,"RB1CC1/RHEB/MAPK8/MAP3K7/NRAS/EPG5/TANK/RAB39B/ATG4C/SUPT20H/PRKAA1/BCL2/BNIP3",13
"Human Diseases","Endocrine and metabolic disease","hsa04930","Type II diabetes mellitus","3/875","44/6792",0.0681818181818182,0.529246753246753,-1.20462599965292,0.935329718135319,0.9999992015828,0.951604258960983,"SOCS4/MAPK8/CACNA1B",3
"Human Diseases","Neurodegenerative disease","hsa05020","Prion disease","20/875","206/6792",0.0970873786407767,0.753619972260749,-1.38085588088598,0.935976125022507,0.9999992015828,0.951604258960983,"PSMD14/COX7A2/PSMC6/MAPK8/TUBB2B/ATF2/VDAC3/CASP3/CREB3L4/APAF1/NDUFB6/TUBA1A/KIF5C/FYN/ITPR3/CACNA1B/NDUFA7/MAPK13/GRIN3A/KLC3",20
"Environmental Information Processing","Signal transduction","hsa04370","VEGF signaling pathway","4/875","55/6792",0.0727272727272727,0.56452987012987,-1.2468854267453,0.93653615607432,0.9999992015828,0.951604258960983,"NRAS/PTK2/VEGFA/MAPK13",4
"Metabolism","Metabolism of cofactors and vitamins","hsa00770","Pantothenate and CoA biosynthesis","1/875","20/6792",0.05,0.388114285714286,-1.05377270217401,0.936863928026073,0.9999992015828,0.951604258960983,"PANK2",1
"Organismal Systems","Endocrine system","hsa04935","Growth hormone synthesis, secretion and action","10/875","115/6792",0.0869565217391304,0.674981366459627,-1.3517195630481,0.938758379835971,0.9999992015828,0.951604258960983,"MAPK8/GNAI3/ATF2/CREB3L4/NRAS/STAT1/PTK2/ITPR3/GHRH/MAPK13",10
"Organismal Systems","Immune system","hsa04625","C-type lectin receptor signaling pathway","8/875","96/6792",0.0833333333333333,0.646857142857143,-1.33998034318024,0.939739551571928,0.9999992015828,0.951604258960983,"MAPK8/MDM2/NRAS/STAT1/IL23A/SYK/ITPR3/MAPK13",8
"Human Diseases","Cancer: specific types","hsa05213","Endometrial cancer","4/875","56/6792",0.0714285714285714,0.554448979591837,-1.28739116391264,0.942062959708165,0.9999992015828,0.951604258960983,"NRAS/EGFR/POLK/CDH1",4
"Environmental Information Processing","Signal transduction","hsa04015","Rap1 signaling pathway","19/875","199/6792",0.0954773869346734,0.741122756640345,-1.42527603495471,0.942149153244811,0.9999992015828,0.951604258960983,"GNAI3/PRKCI/NRAS/EGFR/ENAH/VAV2/PRKD3/KIT/PFN2/CDH1/AFDN/VEGFA/LPAR2/KITLG/MAPK13/PRKD1/RAPGEF5/MET/GNAO1",19
"Human Diseases","Neurodegenerative disease","hsa05017","Spinocerebellar ataxia","10/875","116/6792",0.0862068965517241,0.669162561576355,-1.38199218533967,0.942683108459497,0.9999992015828,0.951604258960983,"PSMD14/PSMC6/RB1CC1/OPA1/MAPK8/ATXN3/VDAC3/AFG3L2/ITPR3/GRIN3A",10
"Human Diseases","Infectious disease: viral","hsa05171","Coronavirus disease - COVID-19","15/875","163/6792",0.0920245398773006,0.714320771253287,-1.41960841325563,0.94345619991757,0.9999992015828,0.951604258960983,"RPS21/MAPK8/MAP3K7/RPL35A/RPL22L1/EGFR/STAT1/IFNAR1/CXCL10/RPL7/RPL37A/SYK/MMP1/CXCL8/MAPK13",15
"Human Diseases","Infectious disease: bacterial","hsa05135","Yersinia infection","11/875","126/6792",0.0873015873015873,0.677659863945578,-1.40438799990695,0.944499270683457,0.9999992015828,0.951604258960983,"MAPK8/ARPC5L/MAP3K7/ROCK1/PKN2/VAV2/PTK2/ARHGEF28/CXCL8/MAPK13/RPS6KA6",11
"Metabolism","Metabolism of cofactors and vitamins","hsa00760","Nicotinate and nicotinamide metabolism","2/875","34/6792",0.0588235294117647,0.456605042016807,-1.2214229510318,0.944995174268566,0.9999992015828,0.951604258960983,"SIRT5/NMNAT3",2
"Organismal Systems","Endocrine system","hsa04928","Parathyroid hormone synthesis, secretion and action","9/875","107/6792",0.0841121495327103,0.652902536715621,-1.39159458405644,0.945000437638411,0.9999992015828,0.951604258960983,"GNAI3/ATF2/CREB3L4/EGFR/LRP6/BCL2/ITPR3/WNK2/WNK3",9
"Metabolism","Carbohydrate metabolism","hsa00040","Pentose and glucuronate interconversions","1/875","21/6792",0.0476190476190476,0.369632653061224,-1.11249240866999,0.945021645535994,0.9999992015828,0.951604258960983,"RPE",1
"Cellular Processes","Transport and catabolism","hsa04144","Endocytosis","21/875","218/6792",0.0963302752293578,0.747743119266055,-1.45571556356834,0.945074326046092,0.9999992015828,0.951604258960983,"CHMP5/VTA1/SMAD2/VPS4B/SNX4/MDM2/ARPC5L/PRKCI/TFRC/EGFR/CHMP4C/SMURF2/SNX5/PML/VPS37D/KIF5C/SH3GL3/CXCR4/RAB11FIP3/CYTH2/SH3GL2",21
"Human Diseases","Infectious disease: parasitic","hsa05145","Toxoplasmosis","8/875","98/6792",0.0816326530612245,0.633655976676385,-1.40468647753381,0.947854836287458,0.9999992015828,0.951604258960983,"MAPK8/GNAI3/MAP3K7/CASP3/STAT1/BCL2/MAPK13/GNAO1",8
"Organismal Systems","Nervous system","hsa04723","Retrograde endocannabinoid signaling","11/875","127/6792",0.0866141732283465,0.672323959505062,-1.43339728607182,0.947979192457405,0.9999992015828,0.951604258960983,"MAPK8/GNAI3/GNG4/GNGT1/NDUFB6/GRM5/ITPR3/CACNA1B/NDUFA7/MAPK13/GNAO1",11
"Organismal Systems","Excretory system","hsa04960","Aldosterone-regulated sodium reabsorption","2/875","35/6792",0.0571428571428571,0.443559183673469,-1.26910089064499,0.950934216762456,0.9999992015828,0.951604258960983,"SCNN1A/SFN",2
"Organismal Systems","Immune system","hsa04666","Fc gamma R-mediated phagocytosis","7/875","89/6792",0.0786516853932584,0.610516853932584,-1.42222782180738,0.951347982173684,0.9999992015828,0.951604258960983,"ARPC5L/VAV2/SYK/MARCKS/MARCKSL1/SCIN/WASF1",7
"Human Diseases","Infectious disease: viral","hsa05164","Influenza A","13/875","147/6792",0.0884353741496599,0.686460641399417,-1.47782615112401,0.951504012920144,0.9999992015828,0.951604258960983,"KPNA2/XPO1/RAE1/NXT1/CASP3/NXT2/APAF1/STAT1/IFNAR1/CXCL10/KPNA5/PML/CXCL8",13
"Human Diseases","Cancer: overview","hsa05208","Chemical carcinogenesis - reactive oxygen species","15/875","166/6792",0.0903614457831325,0.701411359724613,-1.49768926339374,0.952477084516681,0.9999992015828,0.951604258960983,"COX7A2/MAPK8/VDAC3/NRAS/EGFR/PRKD3/NDUFB6/PTK2/VEGFA/NDUFA7/MAPK13/PRKD1/MET/EPHX4/NOX4",15
"Human Diseases","Infectious disease: viral","hsa05162","Measles","10/875","119/6792",0.0840336134453782,0.652292917166867,-1.47145356926243,0.953169517466609,0.9999992015828,0.951604258960983,"CCNE2/CCNE1/CDK2/MAPK8/MAP3K7/CASP3/APAF1/STAT1/IFNAR1/BCL2",10
"Human Diseases","Substance dependence","hsa05033","Nicotine addiction","2/875","37/6792",0.0540540540540541,0.419583011583012,-1.36128295904471,0.961026396589109,0.9999992015828,0.951604258960983,"CACNA1B/GRIN3A",2
"Organismal Systems","Immune system","hsa04062","Chemokine signaling pathway","16/875","179/6792",0.0893854748603352,0.693835594573025,-1.59625422439173,0.961767736845806,0.9999992015828,0.951604258960983,"GNAI3/GNG4/NRAS/GNGT1/ROCK1/STAT1/CXCL10/VAV2/CXCL9/PTK2/CXCL11/CCL18/CXCR4/CXCL8/XCL1/CXCL13",16
"Organismal Systems","Nervous system","hsa04720","Long-term potentiation","4/875","61/6792",0.0655737704918033,0.509002341920375,-1.48123733489723,0.963653077355536,0.9999992015828,0.951604258960983,"NRAS/GRM5/ITPR3/RPS6KA6",4
"Metabolism","Glycan biosynthesis and metabolism","hsa00534","Glycosaminoglycan biosynthesis - heparan sulfate / heparin","1/875","24/6792",0.0416666666666667,0.323428571428571,-1.27675981940592,0.963702463033467,0.9999992015828,0.951604258960983,"HS2ST1",1
"Organismal Systems","Endocrine system","hsa04919","Thyroid hormone signaling pathway","9/875","113/6792",0.079646017699115,0.618235145385588,-1.5736188589987,0.96412036402803,0.9999992015828,0.951604258960983,"HDAC2/MED30/MED27/RHEB/MDM2/MED14/MED17/NRAS/STAT1",9
"Organismal Systems","Digestive system","hsa04979","Cholesterol metabolism","3/875","50/6792",0.06,0.465737142857143,-1.45802750737635,0.964867891585159,0.9999992015828,0.951604258960983,"VDAC3/MYLIP/APOC1",3
"Organismal Systems","Endocrine system","hsa04912","GnRH signaling pathway","6/875","83/6792",0.072289156626506,0.56112908777969,-1.54691715133901,0.965374561831692,0.9999992015828,0.951604258960983,"MAPK8/NRAS/EGFR/GNRH1/ITPR3/MAPK13",6
"Cellular Processes","Cell growth and death","hsa04217","Necroptosis","9/875","114/6792",0.0789473684210526,0.612812030075188,-1.60313900415057,0.966650475227519,0.9999992015828,0.951604258960983,"CHMP5/VPS4B/MAPK8/VDAC3/CHMP4C/STAT1/IFNAR1/BCL2/TRAF5",9
"Human Diseases","Cancer: specific types","hsa05221","Acute myeloid leukemia","4/875","62/6792",0.0645161290322581,0.500792626728111,-1.51841124359176,0.966955454983057,0.9999992015828,0.951604258960983,"CCNA2/NRAS/KIT/PML",4
"Environmental Information Processing","Signal transduction","hsa04064","NF-kappa B signaling pathway","7/875","94/6792",0.074468085106383,0.578042553191489,-1.58409096933372,0.967149132659154,0.9999992015828,0.951604258960983,"PIDD1/MAP3K7/SYK/UBE2I/BCL2/TRAF5/CXCL8",7
"Human Diseases","Neurodegenerative disease","hsa05022","Pathways of neurodegeneration - multiple diseases","38/875","381/6792",0.0997375328083989,0.774191226096738,-1.74445800562519,0.969209211692082,0.9999992015828,0.951604258960983,"PSMD14/COX7A2/PSMC6/RB1CC1/MFN1/DNAH14/MAPK8/DNAH5/ATXN3/TUBB2B/VDAC3/FZD3/CASP3/NRAS/ALS2/APAF1/FZD6/UCHL1/TANK/IFT57/NDUFB6/RAB39B/GRM5/LRP6/TUBA1A/BCL2/KIF5C/CDK5R1/ITPR3/CACNA1B/NDUFA7/MAPK13/FZD9/STX1A/SNCAIP/NOX4/KLC3/WNT11",38
"Organismal Systems","Nervous system","hsa04721","Synaptic vesicle cycle","5/875","74/6792",0.0675675675675676,0.524478764478765,-1.58156076794301,0.969942166928163,0.9999992015828,0.951604258960983,"ATP6V0A2/ATP6V1B1/CACNA1B/ATP6V1C2/STX1A",5
"Human Diseases","Cardiovascular disease","hsa05418","Fluid shear stress and atherosclerosis","10/875","126/6792",0.0793650793650794,0.616054421768708,-1.67279374292479,0.971316795013101,0.9999992015828,0.951604258960983,"MAPK8/SUMO1/MAP3K7/TXN/ACVR2B/PTK2/PRKAA1/BCL2/VEGFA/MAPK13",10
"Organismal Systems","Sensory system","hsa04744","Phototransduction","1/875","26/6792",0.0384615384615385,0.298549450549451,-1.37796391290616,0.972481813545556,0.9999992015828,0.951604258960983,"GNGT1",1
"Human Diseases","Infectious disease: bacterial","hsa05132","Salmonella infection","20/875","222/6792",0.0900900900900901,0.699305019305019,-1.75162077839683,0.972741610933679,0.9999992015828,0.951604258960983,"CSE1L/DYNLT1/DYNC2LI1/EXOC5/MAPK8/TUBB2B/ARPC5L/MAP3K7/CASP3/TXN/FBXO22/MYO6/PFN2/TUBA1A/BCL2/KIF5C/CXCL8/MAPK13/CYTH2/KLC3",20
"Human Diseases","Substance dependence","hsa05032","Morphine addiction","6/875","87/6792",0.0689655172413793,0.535330049261084,-1.67735478047391,0.975352425695304,0.9999992015828,0.951604258960983,"GNAI3/GNG4/GNGT1/PDE7A/CACNA1B/GNAO1",6
"Metabolism","Lipid metabolism","hsa00071","Fatty acid degradation","2/875","41/6792",0.0487804878048781,0.378648083623693,-1.53449551562968,0.975566018483302,0.9999992015828,0.951604258960983,"ACAT2/EHHADH",2
"Human Diseases","Infectious disease: viral","hsa05167","Kaposi sarcoma-associated herpesvirus infection","15/875","177/6792",0.0847457627118644,0.657820823244552,-1.77376219004571,0.975712439147693,0.9999992015828,0.951604258960983,"E2F1/E2F3/MAPK8/GNG4/CASP3/NRAS/GNGT1/STAT1/IFNAR1/SYK/E2F2/ITPR3/VEGFA/CXCL8/MAPK13",15
"Metabolism","Carbohydrate metabolism","hsa00052","Galactose metabolism","1/875","27/6792",0.037037037037037,0.287492063492063,-1.42645407811338,0.976040550339472,0.9999992015828,0.951604258960983,"PGM2",1
"Cellular Processes","Transport and catabolism","hsa04136","Autophagy - other","1/875","27/6792",0.037037037037037,0.287492063492063,-1.42645407811338,0.976040550339472,0.9999992015828,0.951604258960983,"ATG4C",1
"Environmental Information Processing","Membrane transport","hsa02010","ABC transporters","2/875","42/6792",0.0476190476190476,0.369632653061224,-1.5757473102695,0.978284035626181,0.9999992015828,0.951604258960983,"ABCC5/ABCA5",2
"Organismal Systems","Excretory system","hsa04962","Vasopressin-regulated water reabsorption","2/875","42/6792",0.0476190476190476,0.369632653061224,-1.5757473102695,0.978284035626181,0.9999992015828,0.951604258960983,"DYNC2LI1/CREB3L4",2
"Organismal Systems","Environmental adaptation","hsa04710","Circadian rhythm","1/875","28/6792",0.0357142857142857,0.277224489795918,-1.47367172963247,0.979139518329563,0.9999992015828,0.951604258960983,"PRKAA1",1
"Environmental Information Processing","Signal transduction","hsa04668","TNF signaling pathway","8/875","110/6792",0.0727272727272727,0.56452987012987,-1.77060458669258,0.979144246503277,0.9999992015828,0.951604258960983,"MAPK8/ATF2/MAP3K7/CASP3/CREB3L4/CXCL10/TRAF5/MAPK13",8
"Environmental Information Processing","Signal transduction","hsa04152","AMPK signaling pathway","8/875","111/6792",0.0720720720720721,0.559444015444015,-1.79954191097877,0.980744790877679,0.9999992015828,0.951604258960983,"CCNA2/RHEB/MAP3K7/CREB3L4/HMGCR/PRKAA1/ACACA/ELAVL1",8
"Environmental Information Processing","Signal transduction","hsa04151","PI3K-Akt signaling pathway","32/875","338/6792",0.0946745562130177,0.734890955198648,-1.92259815692947,0.980847365374362,0.9999992015828,0.951604258960983,"BRCA1/CCNE2/YWHAQ/CCNE1/RHEB/CDK2/ARTN/MDM2/GNG4/ATF2/CREB3L4/MYB/NRAS/EGFR/GNGT1/NRTN/PKN2/IFNAR1/BCL2L11/KIT/SYK/PTK2/EIF4E2/MTCP1/PRKAA1/BCL2/IBSP/VEGFA/LPAR2/KITLG/ITGB8/MET",32
"Organismal Systems","Environmental adaptation","hsa04713","Circadian entrainment","6/875","90/6792",0.0666666666666667,0.517485714285714,-1.7719412809465,0.981011612955527,0.9999992015828,0.951604258960983,"GNAI3/GNG4/GNGT1/ITPR3/GNAO1/ADCYAP1",6
"Genetic Information Processing","Folding, sorting and degradation","hsa04141","Protein processing in endoplasmic reticulum","11/875","144/6792",0.0763888888888889,0.592952380952381,-1.89845831881691,0.983974644518944,0.9999992015828,0.951604258960983,"SVIP/SEC61G/TMEM258/MAPK8/ATXN3/SEC61B/TUSC3/DNAJC10/UGGT2/BCL2/ERO1A",11
"Organismal Systems","Endocrine system","hsa04922","Glucagon signaling pathway","6/875","92/6792",0.0652173913043478,0.506236024844721,-1.83356377509369,0.984085019657663,0.9999992015828,0.951604258960983,"PPP4R3B/ATF2/CREB3L4/PRKAA1/ACACA/ITPR3",6
"Organismal Systems","Endocrine system","hsa04925","Aldosterone synthesis and secretion","6/875","92/6792",0.0652173913043478,0.506236024844721,-1.83356377509369,0.984085019657663,0.9999992015828,0.951604258960983,"ATF2/CREB3L4/PRKD3/KCNK9/ITPR3/PRKD1",6
"Metabolism","Carbohydrate metabolism","hsa00051","Fructose and mannose metabolism","1/875","30/6792",0.0333333333333333,0.258742857142857,-1.56463140315341,0.984187858161669,0.9999992015828,0.951604258960983,"ENOSF1",1
"Metabolism","Carbohydrate metabolism","hsa00520","Amino sugar and nucleotide sugar metabolism","1/875","30/6792",0.0333333333333333,0.258742857142857,-1.56463140315341,0.984187858161669,0.9999992015828,0.951604258960983,"PGM2",1
"Organismal Systems","Endocrine system","hsa04915","Estrogen signaling pathway","9/875","124/6792",0.0725806451612903,0.563391705069125,-1.8867968239811,0.984394199182742,0.9999992015828,0.951604258960983,"GNAI3/ATF2/CREB3L4/NRAS/EGFR/BCL2/ITPR3/KRT18/GNAO1",9
"Organismal Systems","Immune system","hsa04672","Intestinal immune network for IgA production","2/875","45/6792",0.0444444444444444,0.344990476190476,-1.69519094377668,0.984794200732934,0.9999992015828,0.951604258960983,"CXCR4/ICOS",2
"Human Diseases","Infectious disease: parasitic","hsa05142","Chagas disease","6/875","93/6792",0.0645161290322581,0.500792626728111,-1.86396427230231,0.985441048474662,0.9999992015828,0.951604258960983,"SMAD2/MAPK8/GNAI3/CXCL8/MAPK13/GNAO1",6
"Human Diseases","Cardiovascular disease","hsa05417","Lipid and atherosclerosis","16/875","195/6792",0.0820512820512821,0.636905494505494,-1.9782621774999,0.985837149413547,0.9999992015828,0.951604258960983,"MIB1/CASP6/MAPK8/MAP3K7/CASP3/NRAS/APAF1/VAV2/TANK/PTK2/MMP1/BCL2/ERO1A/CXCL8/POU2F3/MAPK13",16
"Environmental Information Processing","Signal transduction","hsa04071","Sphingolipid signaling pathway","8/875","115/6792",0.0695652173913043,0.539985093167702,-1.91315538461806,0.986078067064771,0.9999992015828,0.951604258960983,"MAPK8/GNAI3/NRAS/ROCK1/CERS6/BCL2/FYN/MAPK13",8
"Metabolism","Global and overview maps","hsa01210","2-Oxocarboxylic acid metabolism","1/875","31/6792",0.032258064516129,0.250396313364055,-1.60852272097129,0.986233942768078,0.9999992015828,0.951604258960983,"AADAT",1
"Organismal Systems","Endocrine system","hsa04918","Thyroid hormone synthesis","4/875","71/6792",0.0563380281690141,0.437311871227364,-1.83273674219643,0.986344138864955,0.9999992015828,0.951604258960983,"ATF2/CREB3L4/TTF2/ITPR3",4
"Human Diseases","Infectious disease: parasitic","hsa05140","Leishmaniasis","4/875","71/6792",0.0563380281690141,0.437311871227364,-1.83273674219643,0.986344138864955,0.9999992015828,0.951604258960983,"MAP3K7/STAT1/MARCKSL1/MAPK13",4
"Cellular Processes","Transport and catabolism","hsa04145","Phagosome","10/875","136/6792",0.0735294117647059,0.570756302521008,-1.94440545964663,0.986345492235929,0.9999992015828,0.951604258960983,"SEC61G/TUBB2B/TFRC/SEC61B/ATP6V0A2/SFTPD/TUBA1A/ATP6V1B1/MSR1/ATP6V1C2",10
"Human Diseases","Infectious disease: parasitic","hsa05144","Malaria","2/875","46/6792",0.0434782608695652,0.337490683229814,-1.73367563067744,0.986508280997217,0.9999992015828,0.951604258960983,"CXCL8/MET",2
"Organismal Systems","Digestive system","hsa04974","Protein digestion and absorption","6/875","94/6792",0.0638297872340425,0.495465045592705,-1.8940992060569,0.986688224552992,0.9999992015828,0.951604258960983,"SLC36A4/COL10A1/COL11A1/COL22A1/COL8A1/COL21A1",6
"Organismal Systems","Endocrine system","hsa03320","PPAR signaling pathway","4/875","72/6792",0.0555555555555556,0.431238095238095,-1.8656587906206,0.987654380278627,0.9999992015828,0.951604258960983,"HMGCS1/MMP1/EHHADH/SLC27A2",4
"Organismal Systems","Sensory system","hsa04742","Taste transduction","4/875","72/6792",0.0555555555555556,0.431238095238095,-1.8656587906206,0.987654380278627,0.9999992015828,0.951604258960983,"TAS2R14/SCNN1A/ITPR3/SCN3A",4
"Human Diseases","Endocrine and metabolic disease","hsa04936","Alcoholic liver disease","9/875","127/6792",0.0708661417322835,0.550083239595051,-1.96813127486702,0.987689584843816,0.9999992015828,0.951604258960983,"TRA2B/MAPK8/MAP3K7/CASP3/PRKAA1/ACACA/CXCL8/MAPK13/NOX4",9
"Organismal Systems","Development and regeneration","hsa04360","Axon guidance","14/875","178/6792",0.0786516853932584,0.610516853932584,-2.02482121440486,0.988056441669557,0.9999992015828,0.951604258960983,"GNAI3/FZD3/NRAS/ROCK1/ENAH/SEMA4C/PTK2/DCC/FYN/CXCR4/TRPC1/DPYSL5/EPHA7/MET",14
"Human Diseases","Cancer: specific types","hsa05211","Renal cell carcinoma","3/875","61/6792",0.0491803278688525,0.381751756440281,-1.8651257608377,0.989144251450542,0.9999992015828,0.951604258960983,"NRAS/VEGFA/MET",3
"Organismal Systems","Immune system","hsa04658","Th1 and Th2 cell differentiation","5/875","85/6792",0.0588235294117647,0.456605042016807,-1.9385679180567,0.989182564074799,0.9999992015828,0.951604258960983,"MAPK8/STAT1/DLL3/MAPK13/DLL1",5
"Human Diseases","Immune disease","hsa05322","Systemic lupus erythematosus","2/875","48/6792",0.0416666666666667,0.323428571428571,-1.80882103023534,0.989390561006843,0.9999992015828,0.951604258960983,"SNRPD1/SSB",2
"Environmental Information Processing","Signal transduction","hsa04371","Apelin signaling pathway","9/875","129/6792",0.0697674418604651,0.541554817275748,-2.02147078531458,0.989513771451833,0.9999992015828,0.951604258960983,"SMAD2/TFAM/GNAI3/GNG4/NRAS/GNGT1/CDH1/PRKAA1/ITPR3",9
"Human Diseases","Endocrine and metabolic disease","hsa04932","Non-alcoholic fatty liver disease","9/875","129/6792",0.0697674418604651,0.541554817275748,-2.02147078531458,0.989513771451833,0.9999992015828,0.951604258960983,"COX7A2/MAPK8/CASP3/BCL2L11/NDUFB6/PRKAA1/CXCL8/NDUFA7/MAPK13",9
"Human Diseases","Infectious disease: parasitic","hsa05143","African trypanosomiasis","1/875","33/6792",0.0303030303030303,0.235220779220779,-1.69344826471657,0.989566772825988,0.9999992015828,0.951604258960983,"IDO1",1
"Organismal Systems","Endocrine system","hsa04927","Cortisol synthesis and secretion","3/875","62/6792",0.0483870967741935,0.375594470046083,-1.89921949876033,0.990272495338719,0.9999992015828,0.951604258960983,"ATF2/CREB3L4/ITPR3",3
"Human Diseases","Immune disease","hsa05321","Inflammatory bowel disease","3/875","62/6792",0.0483870967741935,0.375594470046083,-1.89921949876033,0.990272495338719,0.9999992015828,0.951604258960983,"SMAD2/STAT1/IL23A",3
"Metabolism","Lipid metabolism","hsa00600","Sphingolipid metabolism","2/875","49/6792",0.0408163265306122,0.316827988338192,-1.84553222587338,0.990596907743671,0.9999992015828,0.951604258960983,"CERS6/UGT8",2
"Environmental Information Processing","Signal transduction","hsa04066","HIF-1 signaling pathway","6/875","99/6792",0.0606060606060606,0.470441558441558,-2.04099145898533,0.991554538000331,0.9999992015828,0.951604258960983,"PDK1/TFRC/EGFR/EIF4E2/BCL2/VEGFA",6
"Metabolism","Lipid metabolism","hsa00590","Arachidonic acid metabolism","2/875","50/6792",0.04,0.310491428571429,-1.88170008503102,0.991668950083609,0.9999992015828,0.951604258960983,"PLA2G3/PLA2G12A",2
"Organismal Systems","Sensory system","hsa04750","Inflammatory mediator regulation of TRP channels","5/875","88/6792",0.0568181818181818,0.441038961038961,-2.02943888711133,0.991900643705975,0.9999992015828,0.951604258960983,"MAPK8/TRPA1/TRPM8/ITPR3/MAPK13",5
"Organismal Systems","Digestive system","hsa04972","Pancreatic secretion","5/875","88/6792",0.0568181818181818,0.441038961038961,-2.02943888711133,0.991900643705975,0.9999992015828,0.951604258960983,"PLA2G3/PLA2G12A/ITPR3/TRPC1/CEL",5
"Organismal Systems","Endocrine system","hsa04924","Renin secretion","3/875","64/6792",0.046875,0.363857142857143,-1.96617313517571,0.992199537433769,0.9999992015828,0.951604258960983,"GNAI3/ITPR3/ADCYAP1",3
"Human Diseases","Cardiovascular disease","hsa05416","Viral myocarditis","3/875","64/6792",0.046875,0.363857142857143,-1.96617313517571,0.992199537433769,0.9999992015828,0.951604258960983,"CASP3/CXADR/FYN",3
"Metabolism","Metabolism of cofactors and vitamins","hsa00830","Retinol metabolism","2/875","51/6792",0.0392156862745098,0.304403361344538,-1.91734606403424,0.992621222541533,0.9999992015828,0.951604258960983,"SDR16C5/HSD17B6",2
"Metabolism","Amino acid metabolism","hsa00350","Tyrosine metabolism","1/875","36/6792",0.0277777777777778,0.215619047619048,-1.81448580883764,0.993117271417713,0.9999992015828,0.951604258960983,"DDC",1
"Organismal Systems","Immune system","hsa04613","Neutrophil extracellular trap formation","6/875","102/6792",0.0588235294117647,0.456605042016807,-2.12629118388486,0.993607549318061,0.9999992015828,0.951604258960983,"HDAC2/HAT1/VDAC3/MAP3K7/SYK/MAPK13",6
"Organismal Systems","Immune system","hsa04611","Platelet activation","7/875","114/6792",0.0614035087719298,0.476631578947368,-2.16698966523445,0.994021572197305,0.9999992015828,0.951604258960983,"GNAI3/PRKCI/ROCK1/SYK/FYN/ITPR3/MAPK13",7
"Human Diseases","Neurodegenerative disease","hsa05010","Alzheimer disease","26/875","305/6792",0.0852459016393443,0.661703044496487,-2.32458894012037,0.994255872485071,0.9999992015828,0.951604258960983,"NAE1/PSMD14/COX7A2/PSMC6/RB1CC1/MAPK8/TUBB2B/VDAC3/FZD3/CASP3/SLC39A6/NRAS/APAF1/FZD6/NDUFB6/GRM5/LRP6/TUBA1A/KIF5C/CDK5R1/ITPR3/NDUFA7/FZD9/NOX4/KLC3/WNT11",26
"Organismal Systems","Immune system","hsa04660","T cell receptor signaling pathway","7/875","115/6792",0.0608695652173913,0.472486956521739,-2.19387329540304,0.994536429011451,0.9999992015828,0.951604258960983,"MAPK8/MAP3K7/NRAS/VAV2/FYN/MAPK13/ICOS",7
"Human Diseases","Cancer: overview","hsa05235","PD-L1 expression and PD-1 checkpoint pathway in cancer","4/875","80/6792",0.05,0.388114285714286,-2.11694434530264,0.994582729069961,0.9999992015828,0.951604258960983,"NRAS/EGFR/STAT1/MAPK13",4
"Organismal Systems","Development and regeneration","hsa04380","Osteoclast differentiation","8/875","127/6792",0.062992125984252,0.488962879640045,-2.23549826926462,0.994962889047963,0.9999992015828,0.951604258960983,"MAPK8/MAP3K7/STAT1/IFNAR1/SYK/FYN/ITPR3/MAPK13",8
"Environmental Information Processing","Signal transduction","hsa04012","ErbB signaling pathway","4/875","81/6792",0.0493827160493827,0.383322751322751,-2.14697468283233,0.995122266878523,0.9999992015828,0.951604258960983,"MAPK8/NRAS/EGFR/PTK2",4
"Organismal Systems","Endocrine system","hsa04910","Insulin signaling pathway","8/875","128/6792",0.0625,0.485142857142857,-2.26122792442226,0.995384700678627,0.9999992015828,0.951604258960983,"SOCS4/RHEB/MAPK8/PRKCI/NRAS/EIF4E2/PRKAA1/ACACA",8
"Human Diseases","Cardiovascular disease","hsa05412","Arrhythmogenic right ventricular cardiomyopathy","4/875","83/6792",0.0481927710843374,0.374086058519793,-2.20620001093142,0.996050231145271,0.9999992015828,0.951604258960983,"DSP/DSG2/CDH2/ITGB8",4
"Organismal Systems","Circulatory system","hsa04270","Vascular smooth muscle contraction","7/875","120/6792",0.0583333333333333,0.4528,-2.32556669958309,0.99653837003327,0.9999992015828,0.951604258960983,"KCNMB3/PLA2G3/PLA2G12A/ROCK1/KCNMB2/ITPR3/CALCA",7
"Organismal Systems","Immune system","hsa04650","Natural killer cell mediated cytotoxicity","7/875","120/6792",0.0583333333333333,0.4528,-2.32556669958309,0.99653837003327,0.9999992015828,0.951604258960983,"CASP3/NRAS/IFNAR1/VAV2/SYK/FYN/ULBP2",7
"Human Diseases","Endocrine and metabolic disease","hsa04940","Type I diabetes mellitus","1/875","41/6792",0.024390243902439,0.189324041811847,-2.00205163882545,0.99656067950341,0.9999992015828,0.951604258960983,"GAD1",1
"Environmental Information Processing","Signaling molecules and interaction","hsa04060","Cytokine-cytokine receptor interaction","22/875","276/6792",0.0797101449275362,0.618732919254658,-2.48664288613629,0.99678900464362,0.9999992015828,0.951604258960983,"INHBC/INHBE/NODAL/IFNAR1/CXCL10/CXCL9/IL23A/IL17RB/BMP8B/ACVR2B/BMP8A/CXCL11/TNFRSF25/INHBA/CCL18/CXCR4/CXCL8/XCL1/TNFSF15/BMP5/INHBB/CXCL13",22
"Environmental Information Processing","Signal transduction","hsa04630","JAK-STAT signaling pathway","10/875","156/6792",0.0641025641025641,0.497582417582418,-2.44114764436112,0.997277320699708,0.9999992015828,0.951604258960983,"SOCS4/EGFR/PTPN2/STAT1/IFNAR1/IL23A/PIAS2/SOCS6/SOCS7/BCL2",10
"Environmental Information Processing","Signal transduction","hsa04014","Ras signaling pathway","15/875","209/6792",0.0717703349282297,0.557101845522898,-2.50083588921972,0.997361661887179,0.9999992015828,0.951604258960983,"MAPK8/GNG4/PLA2G3/NRAS/EGFR/GNGT1/PLA2G12A/KIT/RASA2/RALGAPA2/AFDN/VEGFA/KITLG/RAPGEF5/MET",15
NA,NA,"hsa04382","Cornified envelope formation","12/875","178/6792",0.0674157303370786,0.523300160513644,-2.47823803838817,0.997406222349753,0.9999992015828,0.951604258960983,"KRT80/DSP/CLDN3/DSG2/OCLN/CLDN4/KRT7/ST14/CLDN18/KRT18/ELOVL4/KRT8",12
"Human Diseases","Endocrine and metabolic disease","hsa04931","Insulin resistance","5/875","100/6792",0.05,0.388114285714286,-2.37034987555252,0.997551143165942,0.9999992015828,0.951604258960983,"MAPK8/CREB3L4/PRKAA1/SLC27A2/RPS6KA6",5
"Organismal Systems","Immune system","hsa04659","Th17 cell differentiation","5/875","101/6792",0.0495049504950495,0.384271570014144,-2.39731159406959,0.99778908910344,0.9999992015828,0.951604258960983,"SMAD2/MAPK8/STAT1/IL23A/MAPK13",5
"Organismal Systems","Endocrine system","hsa04913","Ovarian steroidogenesis","1/875","45/6792",0.0222222222222222,0.172495238095238,-2.14161554499924,0.998026351239934,0.9999992015828,0.951604258960983,"HSD17B7",1
"Cellular Processes","Cellular community - eukaryotes","hsa04510","Focal adhesion","13/875","193/6792",0.0673575129533679,0.522848260547742,-2.58592669100858,0.998180199774695,0.9999992015828,0.951604258960983,"MAPK8/EGFR/ROCK1/VAV2/PTK2/EMP2/BCL2/IBSP/ARHGAP5/FYN/VEGFA/ITGB8/MET",13
"Organismal Systems","Endocrine system","hsa04920","Adipocytokine signaling pathway","2/875","64/6792",0.03125,0.242571428571429,-2.34103974010816,0.99851620833624,0.9999992015828,0.951604258960983,"MAPK8/PRKAA1",2
"Environmental Information Processing","Signal transduction","hsa04022","cGMP-PKG signaling pathway","9/875","152/6792",0.0592105263157895,0.459609022556391,-2.59099127585731,0.99852297681787,0.9999992015828,0.951604258960983,"KCNMB3/GNAI3/ATF2/VDAC3/CREB3L4/ROCK1/KCNMB2/PDE5A/ITPR3",9
"Organismal Systems","Immune system","hsa04662","B cell receptor signaling pathway","3/875","79/6792",0.0379746835443038,0.29477034358047,-2.42440904820971,0.998579949373461,0.9999992015828,0.951604258960983,"NRAS/VAV2/SYK",3
"Organismal Systems","Immune system","hsa04640","Hematopoietic cell lineage","4/875","93/6792",0.043010752688172,0.333861751152074,-2.48725872802824,0.998654862855476,0.9999992015828,0.951604258960983,"TFRC/KIT/CD24/KITLG",4
"Cellular Processes","Cell motility","hsa04810","Regulation of actin cytoskeleton","15/875","218/6792",0.0688073394495413,0.534102228047182,-2.68858726743253,0.998671934131732,0.9999992015828,0.951604258960983,"IQGAP3/DIAPH3/ARPC5L/NRAS/EGFR/ROCK1/ENAH/VAV2/PFN2/PTK2/LPAR2/CXCR4/ITGB8/SCIN/WASF1",15
"Human Diseases","Infectious disease: bacterial","hsa05152","Tuberculosis","10/875","166/6792",0.0602409638554217,0.467607573149742,-2.67042450399443,0.998849360166137,0.9999992015828,0.951604258960983,"CEBPG/MAPK8/CASP3/APAF1/STAT1/ATP6V0A2/IL23A/SYK/BCL2/MAPK13",10
"Metabolism","Global and overview maps","hsa01200","Carbon metabolism","5/875","110/6792",0.0454545454545455,0.352831168831169,-2.63136326060698,0.999132419082488,0.9999992015828,0.951604258960983,"PSPH/RPE/ACAT2/SHMT2/PSAT1",5
"Organismal Systems","Nervous system","hsa04722","Neurotrophin signaling pathway","5/875","110/6792",0.0454545454545455,0.352831168831169,-2.63136326060698,0.999132419082488,0.9999992015828,0.951604258960983,"MAPK8/NRAS/BCL2/MAPK13/RPS6KA6",5
"Environmental Information Processing","Signal transduction","hsa04010","MAPK signaling pathway","20/875","276/6792",0.072463768115942,0.562484472049689,-2.85349805974587,0.99918876438247,0.9999992015828,0.951604258960983,"STMN1/MAP3K13/MAPK8/ARTN/ATF2/MAP3K7/CASP3/NRAS/EGFR/NRTN/KIT/RASA2/STK3/VEGFA/CACNA1B/KITLG/MAPK13/MET/RPS6KA6/DUSP4",20
"Organismal Systems","Digestive system","hsa04971","Gastric acid secretion","2/875","70/6792",0.0285714285714286,0.221779591836735,-2.51664807546901,0.999301815056154,0.9999992015828,0.951604258960983,"GNAI3/ITPR3",2
"Organismal Systems","Endocrine system","hsa04923","Regulation of lipolysis in adipocytes","1/875","53/6792",0.0188679245283019,0.146458221024259,-2.39875060590391,0.99935076222837,0.9999992015828,0.951604258960983,"GNAI3",1
"Environmental Information Processing","Signal transduction","hsa04070","Phosphatidylinositol signaling system","3/875","86/6792",0.0348837209302326,0.270777408637874,-2.61696354499561,0.999373895236696,0.9999992015828,0.951604258960983,"DGKH/ITPR3/CDS1",3
"Human Diseases","Infectious disease: parasitic","hsa05146","Amoebiasis","4/875","100/6792",0.04,0.310491428571429,-2.67104872416575,0.999379311034757,0.9999992015828,0.951604258960983,"CASP3/PTK2/CXCL8/ARG2",4
"Organismal Systems","Circulatory system","hsa04260","Cardiac muscle contraction","2/875","72/6792",0.0277777777777778,0.215619047619048,-2.57293466167971,0.999457814784843,0.9999992015828,0.951604258960983,"COX7A2/ASPH",2
"Organismal Systems","Endocrine system","hsa04921","Oxytocin signaling pathway","7/875","141/6792",0.049645390070922,0.38536170212766,-2.83599726053719,0.999538455037946,0.9999992015828,0.951604258960983,"GNAI3/NRAS/EGFR/ROCK1/PRKAA1/ITPR3/GNAO1",7
"Metabolism","Carbohydrate metabolism","hsa00010","Glycolysis / Gluconeogenesis","1/875","60/6792",0.0166666666666667,0.129371428571429,-2.60469330622704,0.999754872951699,0.9999992015828,0.951604258960983,"PGM2",1
"Human Diseases","Cardiovascular disease","hsa05415","Diabetic cardiomyopathy","7/875","150/6792",0.0466666666666667,0.36224,-3.03720130648979,0.99981334967456,0.9999992015828,0.951604258960983,"COX7A2/SMAD2/MAPK8/VDAC3/NDUFB6/NDUFA7/MAPK13",7
"Organismal Systems","Immune system","hsa04610","Complement and coagulation cascades","2/875","82/6792",0.024390243902439,0.189324041811847,-2.83996551643069,0.999848465169213,0.9999992015828,0.951604258960983,"CFHR4/C4BPA",2
"Cellular Processes","Cell motility","hsa04820","Cytoskeleton in muscle cells","13/875","226/6792",0.0575221238938053,0.446503160556258,-3.25416097684761,0.999888203167661,0.9999992015828,0.951604258960983,"DIAPH3/LMNB2/NEBL/LMNB1/CSRP2/DSP/LBR/FMN2/SUN1/DSG2/FBN3/COL11A1/ITGB8",13
"Organismal Systems","Circulatory system","hsa04261","Adrenergic signaling in cardiomyocytes","6/875","145/6792",0.0413793103448276,0.32119802955665,-3.1771254479313,0.999917076495135,0.9999992015828,0.951604258960983,"GNAI3/ATF2/CREB3L4/BCL2/MAPK13/POPDC3",6
NA,NA,"hsa04081","Hormone signaling","11/875","209/6792",0.0526315789473684,0.408541353383459,-3.33968655207942,0.99993523743713,0.9999992015828,0.951604258960983,"GNAI3/GNG4/SMAD5/GNGT1/OPRK1/GNRH1/PMCH/GHRH/CALCA/SMAD9/GNAO1",11
"Organismal Systems","Digestive system","hsa04976","Bile secretion","1/875","75/6792",0.0133333333333333,0.103497142857143,-3.00202802793109,0.99996970684796,0.9999992015828,0.951604258960983,"HMGCR",1
"Human Diseases","Cardiovascular disease","hsa05410","Hypertrophic cardiomyopathy","2/875","96/6792",0.0208333333333333,0.161714285714286,-3.18082712531621,0.999975184263231,0.9999992015828,0.951604258960983,"PRKAA1/ITGB8",2
"Human Diseases","Infectious disease: bacterial","hsa05150","Staphylococcus aureus infection","1/875","77/6792",0.012987012987013,0.100808905380334,-3.05136709261813,0.999977085668713,0.9999992015828,0.951604258960983,"KRT18",1
"Organismal Systems","Digestive system","hsa04970","Salivary secretion","1/875","79/6792",0.0126582278481013,0.0982567811934901,-3.09997516260961,0.99998266869935,0.9999992015828,0.951604258960983,"ITPR3",1
NA,NA,"hsa04082","Neuroactive ligand signaling","8/875","188/6792",0.0425531914893617,0.330310030395137,-3.58071119200907,0.999986413797465,0.9999992015828,0.951604258960983,"GNAI3/GNG4/GNGT1/OPRK1/GRM5/GRIN3A/GRM8/GNAO1",8
"Environmental Information Processing","Signal transduction","hsa04020","Calcium signaling pathway","12/875","241/6792",0.0497925311203319,0.38650385299348,-3.72895092810438,0.999990548791559,0.9999992015828,0.951604258960983,"VDAC3/MCOLN3/EGFR/GRM5/ITPR3/VEGFA/ASPH/CACNA1B/CXCR4/GRIN3A/MET/MCOLN2",12
"Environmental Information Processing","Signal transduction","hsa04024","cAMP signaling pathway","9/875","210/6792",0.0428571428571429,0.332669387755102,-3.77739031999559,0.999994804312501,0.9999992015828,0.951604258960983,"MAPK8/GNAI3/CREB3L4/ROCK1/VAV2/AFDN/GRIN3A/POPDC3/ADCYAP1",9
"Environmental Information Processing","Signaling molecules and interaction","hsa04080","Neuroactive ligand-receptor interaction","19/875","346/6792",0.0549132947976879,0.426252683732453,-4.2124394664409,0.999998963432597,0.9999992015828,0.951604258960983,"CHRNA5/NMU/RLN2/TMEM97/GRP/OPRK1/LYPD6/GRM5/GNRH1/PMCH/LPAR2/GHRH/CALCA/GRIN3A/PTH2R/GRM8/GZMA/KISS1R/ADCYAP1",19
"Human Diseases","Cardiovascular disease","hsa05414","Dilated cardiomyopathy","1/875","101/6792",0.0099009900990099,0.0768543140028289,-3.59422717594375,0.9999992015828,0.9999992015828,0.951604258960983,"ITGB8",1
